"year","biweek","provname","epiyr","time","cases","beta","betahigh","betalow","temp_C","precip_mm","temp_C_lag","precip_mm_lag"
2002,16,"national",2007,2002.57692307692,1114,1.16435958702194e-06,1.22976174284053e-06,1.10242972453192e-06,27.6062224739011,195.680578571429,24.786145984066,128.141557142857
2002,17,"national",2007,2002.61538461538,908,1.09549623796757e-06,1.1565214342235e-06,1.0376847491019e-06,26.2796451057693,297.855928571428,29.1039938008242,121.954247643864
2002,18,"national",2007,2002.65384615385,996,1.06980712538753e-06,1.12860461452102e-06,1.0140654442663e-06,27.1354016596154,261.367721428571,28.6280867054945,195.680578571429
2002,19,"national",2007,2002.69230769231,861,1.05482348729306e-06,1.11180475594837e-06,1.00075550825844e-06,26.3825089010989,359.079428571428,28.5729386818682,297.855928571428
2002,2,"national",2007,2002.03846153846,59,8.25760707310483e-07,8.64045321349512e-07,7.8914912272123e-07,27.7340529684066,3.74778908218546,27.5002586725275,261.367721428571
2002,20,"national",2007,2002.73076923077,640,9.66352881221332e-07,1.01780484591294e-06,9.17493892736019e-07,27.2270875546704,210.438707142857,28.4621373631868,359.079428571428
2002,21,"national",2007,2002.76923076923,703,9.66627235861689e-07,1.01677096457565e-06,9.1894966395774e-07,27.4415218843407,69.6820978070215,28.2993537244506,3.74778908218546
2002,22,"national",2007,2002.80769230769,491,9.42601368062471e-07,9.90389213918295e-07,8.97113464278587e-07,26.8757919398352,174.354343276836,27.6062224739011,210.438707142857
2002,23,"national",2007,2002.84615384615,307,1.00207936993142e-06,1.05189055824962e-06,9.54618706295912e-07,26.9667647997253,74.289266591976,26.2796451057693,69.6820978070215
2002,24,"national",2007,2002.88461538462,297,9.42093239730293e-07,9.88471462169704e-07,8.97881378627249e-07,27.0683158376374,63.3454138328229,27.1354016596154,174.354343276836
2002,25,"national",2007,2002.92307692308,274,1.29111925971792e-06,1.35329423106011e-06,1.23178545439097e-06,27.543621928022,23.1588693854643,26.3825089010989,74.289266591976
2002,26,"national",2007,2002.96153846154,256,8.42265164446569e-07,8.82752603611226e-07,8.03620400688032e-07,27.9688288233334,24.1333647983415,27.7340529684066,63.3454138328229
2002,3,"national",2007,2002.07692307692,51,1.01724454148256e-06,1.06328651012705e-06,9.73167485644908e-07,27.3144747508242,4.01233207236658,27.2270875546704,23.1588693854643
2002,4,"national",2007,2002.11538461538,58,1.20762928661905e-06,1.26110226893687e-06,1.1564010399012e-06,28.2385121269231,5.69227981455522,27.4415218843407,24.1333647983415
2002,5,"national",2007,2002.15384615385,76,1.19952560164891e-06,1.25311708228863e-06,1.14820946286591e-06,28.407691775,39.6741320158588,26.8757919398352,4.01233207236658
2002,6,"national",2007,2002.19230769231,109,1.14090216791615e-06,1.19260131963637e-06,1.09143081628434e-06,30.1711667005495,28.3046278536553,26.9667647997253,5.69227981455522
2002,7,"national",2007,2002.23076923077,140,1.211251985544e-06,1.26643033635741e-06,1.15846610065815e-06,30.050322878022,57.4764798031294,27.0683158376374,39.6741320158588
2002,8,"national",2007,2002.26923076923,129,1.4943716287282e-06,1.56326971889779e-06,1.42849504646739e-06,29.3415333519231,90.2220135914386,27.543621928022,28.3046278536553
2002,9,"national",2007,2002.30769230769,176,1.67874343977484e-06,1.75837774338442e-06,1.60270285268425e-06,29.9617558225275,103.96756547696,27.9688288233334,57.4764798031294
2003,1,"national",2007,2003,236,8.78002501325074e-07,9.19194414452719e-07,8.38634110285863e-07,26.0770549277473,0.722369821534302,27.3144747508242,90.2220135914386
2003,10,"national",2007,2003.34615384615,362,1.73145406257236e-06,1.81709252130255e-06,1.64984147972918e-06,28.6373099931319,219.726707142857,28.2385121269231,103.96756547696
2003,11,"national",2007,2003.38461538462,529,1.48251252176962e-06,1.5591362877846e-06,1.40964706140911e-06,27.9619916096154,277.411078571429,28.407691775,0.722369821534302
2003,12,"national",2007,2003.42307692308,915,1.4848486116263e-06,1.56363737040039e-06,1.41002110336976e-06,29.3003969230769,74.6834357142857,30.1711667005495,219.726707142857
2003,13,"national",2007,2003.46153846154,931,1.57267085964918e-06,1.65778168555933e-06,1.49192239144894e-06,27.5989811247253,207.843857142857,30.050322878022,277.411078571429
2003,14,"national",2007,2003.5,1169,1.44553323500489e-06,1.52574159321639e-06,1.36953511637336e-06,27.5628385626374,182.636585714286,29.3415333519231,74.6834357142857
2003,15,"national",2007,2003.53846153846,1336,1.229300124091e-06,1.29848011208416e-06,1.16380073212237e-06,27.2653628662088,265.496435714286,29.9617558225275,207.843857142857
2003,16,"national",2007,2003.57692307692,1280,1.16435958702194e-06,1.22976174284053e-06,1.10242972453192e-06,27.7212433958792,221.079707142857,26.0770549277473,182.636585714286
2003,17,"national",2007,2003.61538461538,1147,1.09549623796757e-06,1.1565214342235e-06,1.0376847491019e-06,27.12688845,197.815728571429,28.6373099931319,265.496435714286
2003,18,"national",2007,2003.65384615385,674,1.06980712538753e-06,1.12860461452102e-06,1.0140654442663e-06,27.1317406947803,244.896307142857,27.9619916096154,221.079707142857
2003,19,"national",2007,2003.69230769231,540,1.05482348729306e-06,1.11180475594837e-06,1.00075550825844e-06,26.6419361035714,260.217878571429,29.3003969230769,197.815728571429
2003,2,"national",2007,2003.03846153846,162,8.25760707310483e-07,8.64045321349512e-07,7.8914912272123e-07,26.8879974983517,1.98531762286267,27.5989811247253,244.896307142857
2003,20,"national",2007,2003.73076923077,457,9.66352881221332e-07,1.01780484591294e-06,9.17493892736019e-07,26.9822030299451,290.720907142857,27.5628385626374,260.217878571429
2003,21,"national",2007,2003.76923076923,327,9.66627235861689e-07,1.01677096457565e-06,9.1894966395774e-07,26.6169132304945,280.030678571429,27.2653628662088,1.98531762286267
2003,22,"national",2007,2003.80769230769,281,9.42601368062471e-07,9.90389213918295e-07,8.97113464278587e-07,26.5383080994506,60.7780685176458,27.7212433958792,290.720907142857
2003,23,"national",2007,2003.84615384615,184,1.00207936993142e-06,1.05189055824962e-06,9.54618706295912e-07,26.7972658326923,52.7926074473376,27.12688845,280.030678571429
2003,24,"national",2007,2003.88461538462,196,9.42093239730293e-07,9.88471462169704e-07,8.97881378627249e-07,27.0459000123627,3.876982687952,27.1317406947803,60.7780685176458
2003,25,"national",2007,2003.92307692308,120,1.29111925971792e-06,1.35329423106011e-06,1.23178545439097e-06,26.1432473587912,3.45741633721522,26.6419361035714,52.7926074473376
2003,26,"national",2007,2003.96153846154,97,8.42265164446569e-07,8.82752603611226e-07,8.03620400688032e-07,25.0026132764103,2.55812461944413,26.8879974983517,3.876982687952
2003,3,"national",2007,2003.07692307692,126,1.01724454148256e-06,1.06328651012705e-06,9.73167485644908e-07,27.2293411293956,2.06848493207198,26.9822030299451,3.45741633721522
2003,4,"national",2007,2003.11538461538,94,1.20762928661905e-06,1.26110226893687e-06,1.1564010399012e-06,28.9771917206044,29.5296923180152,26.6169132304945,2.55812461944413
2003,5,"national",2007,2003.15384615385,116,1.19952560164891e-06,1.25311708228863e-06,1.14820946286591e-06,29.4766383096154,49.0927757729642,26.5383080994506,2.06848493207198
2003,6,"national",2007,2003.19230769231,136,1.14090216791615e-06,1.19260131963637e-06,1.09143081628434e-06,29.0409293035714,75.827433778524,26.7972658326923,29.5296923180152
2003,7,"national",2007,2003.23076923077,154,1.211251985544e-06,1.26643033635741e-06,1.15846610065815e-06,29.5492528637363,76.796712326605,27.0459000123627,49.0927757729642
2003,8,"national",2007,2003.26923076923,244,1.4943716287282e-06,1.56326971889779e-06,1.42849504646739e-06,30.6272514491759,59.1786660199388,26.1432473587912,75.827433778524
2003,9,"national",2007,2003.30769230769,268,1.67874343977484e-06,1.75837774338442e-06,1.60270285268425e-06,29.6145079821429,123.890092857143,25.0026132764103,76.796712326605
2004,1,"national",2007,2004,90,8.78002501325074e-07,9.19194414452719e-07,8.38634110285863e-07,26.9486433247253,16.7118001973196,27.2293411293956,59.1786660199388
2004,10,"national",2007,2004.34615384615,244,1.73145406257236e-06,1.81709252130255e-06,1.64984147972918e-06,28.8436306142857,153.550992857143,28.9771917206044,123.890092857143
2004,11,"national",2007,2004.38461538462,484,1.48251252176962e-06,1.5591362877846e-06,1.40964706140911e-06,28.677847134066,171.887507142857,29.4766383096154,16.7118001973196
2004,12,"national",2007,2004.42307692308,565,1.4848486116263e-06,1.56363737040039e-06,1.41002110336976e-06,26.7508767401099,370.528778571429,29.0409293035714,153.550992857143
2004,13,"national",2007,2004.46153846154,828,1.57267085964918e-06,1.65778168555933e-06,1.49192239144894e-06,27.9926529302198,93.1546428571428,29.5492528637363,171.887507142857
2004,14,"national",2007,2004.5,1067,1.44553323500489e-06,1.52574159321639e-06,1.36953511637336e-06,27.9961600107143,128.507535714286,30.6272514491759,370.528778571429
2004,15,"national",2007,2004.53846153846,1198,1.229300124091e-06,1.29848011208416e-06,1.16380073212237e-06,26.9676489634615,230.378485714286,29.6145079821429,93.1546428571428
2004,16,"national",2007,2004.57692307692,895,1.16435958702194e-06,1.22976174284053e-06,1.10242972453192e-06,26.4851679967033,269.29475,26.9486433247253,128.507535714286
2004,17,"national",2007,2004.61538461538,825,1.09549623796757e-06,1.1565214342235e-06,1.0376847491019e-06,27.358102009066,199.340178571429,28.8436306142857,230.378485714286
2004,18,"national",2007,2004.65384615385,692,1.06980712538753e-06,1.12860461452102e-06,1.0140654442663e-06,27.4139547901099,170.587914285714,28.677847134066,269.29475
2004,19,"national",2007,2004.69230769231,597,1.05482348729306e-06,1.11180475594837e-06,1.00075550825844e-06,26.7010459717033,248.839985714286,26.7508767401099,199.340178571429
2004,2,"national",2007,2004.03846153846,78,8.25760707310483e-07,8.64045321349512e-07,7.8914912272123e-07,26.3334158796704,10.7786866617569,27.9926529302198,170.587914285714
2004,20,"national",2007,2004.73076923077,469,9.66352881221332e-07,1.01780484591294e-06,9.17493892736019e-07,26.8872270717033,202.465585714286,27.9961600107143,248.839985714286
2004,21,"national",2007,2004.76923076923,376,9.66627235861689e-07,1.01677096457565e-06,9.1894966395774e-07,26.6597351912088,57.5507237242444,26.9676489634615,10.7786866617569
2004,22,"national",2007,2004.80769230769,296,9.42601368062471e-07,9.90389213918295e-07,8.97113464278587e-07,27.3337624255495,7.07608754470712,26.4851679967033,202.465585714286
2004,23,"national",2007,2004.84615384615,223,1.00207936993142e-06,1.05189055824962e-06,9.54618706295912e-07,28.3701356527473,23.8705476554021,27.358102009066,57.5507237242444
2004,24,"national",2007,2004.88461538462,153,9.42093239730293e-07,9.88471462169704e-07,8.97881378627249e-07,26.8735847752748,24.6444177294643,27.4139547901099,7.07608754470712
2004,25,"national",2007,2004.92307692308,126,1.29111925971792e-06,1.35329423106011e-06,1.23178545439097e-06,25.9979788574176,0.575420522631339,26.7010459717033,23.8705476554021
2004,26,"national",2007,2004.96153846154,140,8.42265164446569e-07,8.82752603611226e-07,8.03620400688032e-07,25.0488761241026,0.331187339041708,26.3334158796704,24.6444177294643
2004,3,"national",2007,2004.07692307692,77,1.01724454148256e-06,1.06328651012705e-06,9.73167485644908e-07,27.3298470898352,10.2135135486275,26.8872270717033,0.575420522631339
2004,4,"national",2007,2004.11538461538,84,1.20762928661905e-06,1.26110226893687e-06,1.1564010399012e-06,26.5594670961539,8.56084639683369,26.6597351912088,0.331187339041708
2004,5,"national",2007,2004.15384615385,94,1.19952560164891e-06,1.25311708228863e-06,1.14820946286591e-06,28.5060598461539,16.9344506405912,27.3337624255495,10.2135135486275
2004,6,"national",2007,2004.19230769231,76,1.14090216791615e-06,1.19260131963637e-06,1.09143081628434e-06,29.5486527835165,45.9222749735023,28.3701356527473,8.56084639683369
2004,7,"national",2007,2004.23076923077,85,1.211251985544e-06,1.26643033635741e-06,1.15846610065815e-06,29.7578512489011,66.1862939321857,26.8735847752748,16.9344506405912
2004,8,"national",2007,2004.26923076923,72,1.4943716287282e-06,1.56326971889779e-06,1.42849504646739e-06,30.1529085571429,73.5732363815714,25.9979788574176,45.9222749735023
2004,9,"national",2007,2004.30769230769,149,1.67874343977484e-06,1.75837774338442e-06,1.60270285268425e-06,29.8329657475275,147.381371428571,25.0488761241026,66.1862939321857
2005,1,"national",2007,2005,92,8.78002501325074e-07,9.19194414452719e-07,8.38634110285863e-07,24.7692059230769,5.17577384923093,27.3298470898352,73.5732363815714
2005,10,"national",2007,2005.34615384615,180,1.73145406257236e-06,1.81709252130255e-06,1.64984147972918e-06,28.7346848456044,177.133185714286,26.5594670961539,147.381371428571
2005,11,"national",2007,2005.38461538462,312,1.48251252176962e-06,1.5591362877846e-06,1.40964706140911e-06,28.7022955563187,148.217142857143,28.5060598461539,5.17577384923093
2005,12,"national",2007,2005.42307692308,397,1.4848486116263e-06,1.56363737040039e-06,1.41002110336976e-06,28.8012559579671,155.895771428571,29.5486527835165,177.133185714286
2005,13,"national",2007,2005.46153846154,552,1.57267085964918e-06,1.65778168555933e-06,1.49192239144894e-06,27.8608687167583,178.605442857143,29.7578512489011,148.217142857143
2005,14,"national",2007,2005.5,805,1.44553323500489e-06,1.52574159321639e-06,1.36953511637336e-06,26.8786313516484,248.670914285714,30.1529085571429,155.895771428571
2005,15,"national",2007,2005.53846153846,1195,1.229300124091e-06,1.29848011208416e-06,1.16380073212237e-06,27.3750412876374,205.903928571428,29.8329657475275,178.605442857143
2005,16,"national",2007,2005.57692307692,1036,1.16435958702194e-06,1.22976174284053e-06,1.10242972453192e-06,26.9570024532967,233.390921428571,24.7692059230769,248.670914285714
2005,17,"national",2007,2005.61538461538,883,1.09549623796757e-06,1.1565214342235e-06,1.0376847491019e-06,27.459478381044,143.653885714286,28.7346848456044,205.903928571428
2005,18,"national",2007,2005.65384615385,694,1.06980712538753e-06,1.12860461452102e-06,1.0140654442663e-06,27.0025904118132,248.953414285714,28.7022955563187,233.390921428571
2005,19,"national",2007,2005.69230769231,581,1.05482348729306e-06,1.11180475594837e-06,1.00075550825844e-06,26.7633997052198,287.461242857143,28.8012559579671,143.653885714286
2005,2,"national",2007,2005.03846153846,55,8.25760707310483e-07,8.64045321349512e-07,7.8914912272123e-07,26.2118415445055,3.45702643747854,27.8608687167583,248.953414285714
2005,20,"national",2007,2005.73076923077,437,9.66352881221332e-07,1.01780484591294e-06,9.17493892736019e-07,27.1867716596154,180.65735,26.8786313516484,287.461242857143
2005,21,"national",2007,2005.76923076923,344,9.66627235861689e-07,1.01677096457565e-06,9.1894966395774e-07,27.0298018802198,158.160035714286,27.3750412876374,3.45702643747854
2005,22,"national",2007,2005.80769230769,311,9.42601368062471e-07,9.90389213918295e-07,8.97113464278587e-07,26.8347098131868,165.397135629558,26.9570024532967,180.65735
2005,23,"national",2007,2005.84615384615,267,1.00207936993142e-06,1.05189055824962e-06,9.54618706295912e-07,27.0807941266484,120.836157142857,27.459478381044,158.160035714286
2005,24,"national",2007,2005.88461538462,164,9.42093239730293e-07,9.88471462169704e-07,8.97881378627249e-07,25.73065805,34.2483435628545,27.0025904118132,165.397135629558
2005,25,"national",2007,2005.92307692308,114,1.29111925971792e-06,1.35329423106011e-06,1.23178545439097e-06,25.5632800035714,47.3024494986558,26.7633997052198,120.836157142857
2005,26,"national",2007,2005.96153846154,116,8.42265164446569e-07,8.82752603611226e-07,8.03620400688032e-07,24.3505558874359,31.9126026054371,26.2118415445055,34.2483435628545
2005,3,"national",2007,2005.07692307692,35,1.01724454148256e-06,1.06328651012705e-06,9.73167485644908e-07,27.9468020387363,1.86900523880533,27.1867716596154,47.3024494986558
2005,4,"national",2007,2005.11538461538,54,1.20762928661905e-06,1.26110226893687e-06,1.1564010399012e-06,28.9095494645605,4.5905776109272,27.0298018802198,31.9126026054371
2005,5,"national",2007,2005.15384615385,67,1.19952560164891e-06,1.25311708228863e-06,1.14820946286591e-06,27.726116003022,9.58965253090561,26.8347098131868,1.86900523880533
2005,6,"national",2007,2005.19230769231,77,1.14090216791615e-06,1.19260131963637e-06,1.09143081628434e-06,29.480354331044,49.3811328593526,27.0807941266484,4.5905776109272
2005,7,"national",2007,2005.23076923077,83,1.211251985544e-06,1.26643033635741e-06,1.15846610065815e-06,30.0498075763737,46.2958955498952,25.73065805,9.58965253090561
2005,8,"national",2007,2005.26923076923,83,1.4943716287282e-06,1.56326971889779e-06,1.42849504646739e-06,29.9368489362638,54.9139283059701,25.5632800035714,49.3811328593526
2005,9,"national",2007,2005.30769230769,106,1.67874343977484e-06,1.75837774338442e-06,1.60270285268425e-06,30.4934218769231,62.6056422652397,24.3505558874359,46.2958955498952
2006,1,"national",2007,2006,55,8.78002501325074e-07,9.19194414452719e-07,8.38634110285863e-07,26.6732847574176,6.31819195997328,27.9468020387363,54.9139283059701
2006,10,"national",2007,2006.34615384615,427,1.73145406257236e-06,1.81709252130255e-06,1.64984147972918e-06,28.3310139760989,182.461400120336,28.9095494645605,62.6056422652397
2006,11,"national",2007,2006.38461538462,572,1.48251252176962e-06,1.5591362877846e-06,1.40964706140911e-06,28.0555911733517,168.117814285714,27.726116003022,6.31819195997328
2006,12,"national",2007,2006.42307692308,829,1.4848486116263e-06,1.56363737040039e-06,1.41002110336976e-06,28.5942414024726,125.42655,29.480354331044,182.461400120336
2006,13,"national",2007,2006.46153846154,903,1.57267085964918e-06,1.65778168555933e-06,1.49192239144894e-06,27.1280170321429,296.613107142857,30.0498075763737,168.117814285714
2006,14,"national",2007,2006.5,1145,1.44553323500489e-06,1.52574159321639e-06,1.36953511637336e-06,27.439826198077,213.747235714286,29.9368489362638,125.42655
2006,15,"national",2007,2006.53846153846,1391,1.229300124091e-06,1.29848011208416e-06,1.16380073212237e-06,27.0521415368132,177.152535714286,30.4934218769231,296.613107142857
2006,16,"national",2007,2006.57692307692,1639,1.16435958702194e-06,1.22976174284053e-06,1.10242972453192e-06,26.8329740837912,234.356564285714,26.6732847574176,213.747235714286
2006,17,"national",2007,2006.61538461538,1623,1.09549623796757e-06,1.1565214342235e-06,1.0376847491019e-06,26.9706228370879,324.237228571428,28.3310139760989,177.152535714286
2006,18,"national",2007,2006.65384615385,1509,1.06980712538753e-06,1.12860461452102e-06,1.0140654442663e-06,27.3702253464286,188.079407142857,28.0555911733517,234.356564285714
2006,19,"national",2007,2006.69230769231,1225,1.05482348729306e-06,1.11180475594837e-06,1.00075550825844e-06,26.4941344736264,364.902392857143,28.5942414024726,324.237228571428
2006,2,"national",2007,2006.03846153846,71,8.25760707310483e-07,8.64045321349512e-07,7.8914912272123e-07,26.8868894271978,6.03969568041037,27.1280170321429,188.079407142857
2006,20,"national",2007,2006.73076923077,1156,9.66352881221332e-07,1.01780484591294e-06,9.17493892736019e-07,26.2141308730769,290.033107142857,27.439826198077,364.902392857143
2006,21,"national",2007,2006.76923076923,675,9.66627235861689e-07,1.01677096457565e-06,9.1894966395774e-07,26.8792896901099,149.332908071429,27.0521415368132,6.03969568041037
2006,22,"national",2007,2006.80769230769,532,9.42601368062471e-07,9.90389213918295e-07,8.97113464278587e-07,27.2346206134616,27.6804283612648,26.8329740837912,290.033107142857
2006,23,"national",2007,2006.84615384615,523,1.00207936993142e-06,1.05189055824962e-06,9.54618706295912e-07,27.6931991376374,17.7793715718538,26.9706228370879,149.332908071429
2006,24,"national",2007,2006.88461538462,474,9.42093239730293e-07,9.88471462169704e-07,8.97881378627249e-07,28.5784171318681,23.875558567841,27.3702253464286,27.6804283612648
2006,25,"national",2007,2006.92307692308,408,1.29111925971792e-06,1.35329423106011e-06,1.23178545439097e-06,27.9864766508242,11.8958586112803,26.4941344736264,17.7793715718538
2006,26,"national",2007,2006.96153846154,570,8.42265164446569e-07,8.82752603611226e-07,8.03620400688032e-07,24.7496410333334,0.064699316521004,26.8868894271978,23.875558567841
2006,3,"national",2007,2006.07692307692,55,1.01724454148256e-06,1.06328651012705e-06,9.73167485644908e-07,27.7104075002747,6.88357490734056,26.2141308730769,11.8958586112803
2006,4,"national",2007,2006.11538461538,61,1.20762928661905e-06,1.26110226893687e-06,1.1564010399012e-06,28.5290340895605,41.6079743364479,26.8792896901099,0.064699316521004
2006,5,"national",2007,2006.15384615385,77,1.19952560164891e-06,1.25311708228863e-06,1.14820946286591e-06,28.3727001038462,38.0452781443174,27.2346206134616,6.88357490734056
2006,6,"national",2007,2006.19230769231,119,1.14090216791615e-06,1.19260131963637e-06,1.09143081628434e-06,28.9080132804945,72.8474335165701,27.6931991376374,41.6079743364479
2006,7,"national",2007,2006.23076923077,124,1.211251985544e-06,1.26643033635741e-06,1.15846610065815e-06,28.4531619722528,141.5775914005,28.5784171318681,38.0452781443174
2006,8,"national",2007,2006.26923076923,172,1.4943716287282e-06,1.56326971889779e-06,1.42849504646739e-06,29.0102027271978,84.4412299851027,27.9864766508242,72.8474335165701
2006,9,"national",2007,2006.30769230769,315,1.67874343977484e-06,1.75837774338442e-06,1.60270285268425e-06,28.9813280826923,150.477278571429,24.7496410333334,141.5775914005
2007,1,"national",2007,2007,188,8.78002501325074e-07,9.19194414452719e-07,8.38634110285863e-07,26.7579351552198,17.8547138070653,27.7104075002747,84.4412299851027
2007,10,"national",2007,2007.34615384615,1729,1.73145406257236e-06,1.81709252130255e-06,1.64984147972918e-06,27.2873106343407,328.400964285715,28.5290340895605,150.477278571429
2007,11,"national",2007,2007.38461538462,2657,1.48251252176962e-06,1.5591362877846e-06,1.40964706140911e-06,28.4253336989011,132.450335714286,28.3727001038462,17.8547138070653
2007,12,"national",2007,2007.42307692308,4826,1.4848486116263e-06,1.56363737040039e-06,1.41002110336976e-06,28.8765078412088,125.847407142857,28.9080132804945,328.400964285715
2007,13,"national",2007,2007.46153846154,5501,1.57267085964918e-06,1.65778168555933e-06,1.49192239144894e-06,27.4303218664835,253.592571428571,28.4531619722528,132.450335714286
2007,14,"national",2007,2007.5,5627,1.44553323500489e-06,1.52574159321639e-06,1.36953511637336e-06,26.9632303645605,262.280285714286,29.0102027271978,125.847407142857
2007,15,"national",2007,2007.53846153846,4638,1.229300124091e-06,1.29848011208416e-06,1.16380073212237e-06,27.5158794244506,190.814842857143,28.9813280826923,253.592571428571
2007,16,"national",2007,2007.57692307692,3726,1.16435958702194e-06,1.22976174284053e-06,1.10242972453192e-06,26.6912324445055,266.485157142857,26.7579351552198,262.280285714286
2007,17,"national",2007,2007.61538461538,2489,1.09549623796757e-06,1.1565214342235e-06,1.0376847491019e-06,27.7534860271978,199.343885714286,27.2873106343407,190.814842857143
2007,18,"national",2007,2007.65384615385,1756,1.06980712538753e-06,1.12860461452102e-06,1.0140654442663e-06,27.6824221329671,202.1727,28.4253336989011,266.485157142857
2007,19,"national",2007,2007.69230769231,1112,1.05482348729306e-06,1.11180475594837e-06,1.00075550825844e-06,26.9975324629121,284.198076497221,28.8765078412088,199.343885714286
2007,2,"national",2007,2007.03846153846,334,8.25760707310483e-07,8.64045321349512e-07,7.8914912272123e-07,27.1743066365385,10.1023477189317,27.4303218664835,202.1727
2007,20,"national",2007,2007.73076923077,807,9.66352881221332e-07,1.01780484591294e-06,9.17493892736019e-07,26.8315595689561,231.898492857143,26.9632303645605,284.198076497221
2007,21,"national",2007,2007.76923076923,371,9.66627235861689e-07,1.01677096457565e-06,9.1894966395774e-07,26.5762241947802,235.3089012806,27.5158794244506,10.1023477189317
2007,22,"national",2007,2007.80769230769,352,9.42601368062471e-07,9.90389213918295e-07,8.97113464278587e-07,26.1213648802198,177.33181909755,26.6912324445055,231.898492857143
2007,23,"national",2007,2007.84615384615,214,1.00207936993142e-06,1.05189055824962e-06,9.54618706295912e-07,25.635817970055,107.753643102618,27.7534860271978,235.3089012806
2007,24,"national",2007,2007.88461538462,172,9.42093239730293e-07,9.88471462169704e-07,8.97881378627249e-07,23.8114554516484,16.8805459437957,27.6824221329671,177.33181909755
2007,25,"national",2007,2007.92307692308,100,1.29111925971792e-06,1.35329423106011e-06,1.23178545439097e-06,26.5268128620879,6.71234639237227,26.9975324629121,107.753643102618
2007,26,"national",2007,2007.96153846154,119,8.42265164446569e-07,8.82752603611226e-07,8.03620400688032e-07,26.7457239651282,2.85427012271627,27.1743066365385,16.8805459437957
2007,3,"national",2007,2007.07692307692,267,1.01724454148256e-06,1.06328651012705e-06,9.73167485644908e-07,25.0589038678572,0.744337982781741,26.8315595689561,6.71234639237227
2007,4,"national",2007,2007.11538461538,175,1.20762928661905e-06,1.26110226893687e-06,1.1564010399012e-06,28.5550246126374,22.337238970934,26.5762241947802,2.85427012271627
2007,5,"national",2007,2007.15384615385,253,1.19952560164891e-06,1.25311708228863e-06,1.14820946286591e-06,28.8018174587912,39.5837441923477,26.1213648802198,0.744337982781741
2007,6,"national",2007,2007.19230769231,282,1.14090216791615e-06,1.19260131963637e-06,1.09143081628434e-06,28.5374244189561,133.071910112529,25.635817970055,22.337238970934
2007,7,"national",2007,2007.23076923077,405,1.211251985544e-06,1.26643033635741e-06,1.15846610065815e-06,29.4224963538462,42.9326326671304,23.8114554516484,39.5837441923477
2007,8,"national",2007,2007.26923076923,582,1.4943716287282e-06,1.56326971889779e-06,1.42849504646739e-06,29.3878973156594,90.6320785714286,26.5268128620879,133.071910112529
2007,9,"national",2007,2007.30769230769,1169,1.67874343977484e-06,1.75837774338442e-06,1.60270285268425e-06,28.3675744112638,243.936535714286,26.7457239651282,42.9326326671304
2008,1,"national",2012,2008,58,4.64747889129841e-06,4.87947429820817e-06,4.4262270532851e-06,26.2094794271978,3.31032544412654,25.0589038678572,90.6320785714286
2008,10,"national",2012,2008.34615384615,251,1.09641971926207e-05,1.15085377183507e-05,1.04453348162491e-05,27.3250448024726,294.593614285714,28.5550246126374,243.936535714286
2008,11,"national",2012,2008.38461538462,363,1.04477308447764e-05,1.09946909511223e-05,9.92774152254617e-06,27.7626241332418,149.271657142857,28.8018174587912,3.31032544412654
2008,12,"national",2012,2008.42307692308,557,1.04017090599461e-05,1.09698221822994e-05,9.86276613382653e-06,27.4948449208791,204.406342857143,28.5374244189561,294.593614285714
2008,13,"national",2012,2008.46153846154,697,9.3841493761996e-06,9.91394405742232e-06,8.88242963404574e-06,27.9033399153846,132.002492857143,29.4224963538462,149.271657142857
2008,14,"national",2012,2008.5,674,9.38778656169053e-06,9.92519892940412e-06,8.87924185069016e-06,27.3624097631868,143.1406,29.3878973156594,204.406342857143
2008,15,"national",2012,2008.53846153846,658,9.349873276871e-06,9.89138806281296e-06,8.83776604675345e-06,27.8874328675824,145.30655,28.3675744112638,132.002492857143
2008,16,"national",2012,2008.57692307692,795,8.61861429117212e-06,9.12113303101348e-06,8.14355757932735e-06,26.7383830881868,203.060664285714,26.2094794271978,143.1406
2008,17,"national",2012,2008.61538461538,666,8.65208032374721e-06,9.15380679979868e-06,8.17762889459015e-06,27.4619715387363,150.063692857143,27.3250448024726,145.30655
2008,18,"national",2012,2008.65384615385,574,8.22132403347405e-06,8.69489768206121e-06,7.77332981477007e-06,27.6299847337912,239.630785714286,27.7626241332418,203.060664285714
2008,19,"national",2012,2008.69230769231,715,7.02921456852972e-06,7.42888372138797e-06,6.65087011800277e-06,26.1766963057693,350.940407142857,27.4948449208791,150.063692857143
2008,2,"national",2012,2008.03846153846,51,4.30798186091561e-06,4.51841940395325e-06,4.10701769412882e-06,26.8272740285714,18.9281825513288,27.9033399153846,239.630785714286
2008,20,"national",2012,2008.73076923077,605,6.96640217592822e-06,7.35243159356617e-06,6.60046560168002e-06,26.9456468684066,198.374814426814,27.3624097631868,350.940407142857
2008,21,"national",2012,2008.76923076923,540,7.55823232372803e-06,7.96575388790474e-06,7.17139083568721e-06,27.3065857082418,185.778099993907,27.8874328675824,18.9281825513288
2008,22,"national",2012,2008.80769230769,523,6.00653496086342e-06,6.32799172335408e-06,5.70127313075277e-06,26.4702609085165,288.189592857143,26.7383830881868,198.374814426814
2008,23,"national",2012,2008.84615384615,410,5.94411820349498e-06,6.25337563193856e-06,5.65001990963156e-06,25.6152151167583,135.259650131425,27.4619715387363,185.778099993907
2008,24,"national",2012,2008.88461538462,401,5.37674551723084e-06,5.65193852522482e-06,5.11481167961566e-06,25.4425919837912,51.984892515677,27.6299847337912,288.189592857143
2008,25,"national",2012,2008.92307692308,256,6.76921433026847e-06,7.10320214449445e-06,6.45076905027468e-06,24.6658442456044,1.8468279249284,26.1766963057693,135.259650131425
2008,26,"national",2012,2008.96153846154,219,3.4011941719963e-06,3.57812114881231e-06,3.23283314216989e-06,25.1669589141026,29.7657127693021,26.8272740285714,51.984892515677
2008,3,"national",2012,2008.07692307692,46,5.26160107027342e-06,5.51131377259037e-06,5.02282624748834e-06,27.4515362579671,10.8655444413939,26.9456468684066,1.8468279249284
2008,4,"national",2012,2008.11538461538,42,6.34533634428577e-06,6.63841648447531e-06,6.06486859719509e-06,26.3746789233517,42.747565763511,27.3065857082418,29.7657127693021
2008,5,"national",2012,2008.15384615385,45,6.09068377582006e-06,6.37522758398585e-06,5.8185752780824e-06,26.7226500634616,43.4853076218601,26.4702609085165,10.8655444413939
2008,6,"national",2012,2008.19230769231,64,5.48490801082405e-06,5.74555600566255e-06,5.23585040909267e-06,28.8885067049451,66.8216392625077,25.6152151167583,42.747565763511
2008,7,"national",2012,2008.23076923077,65,6.15432790641088e-06,6.4420353062358e-06,5.87925995440689e-06,28.2614190241758,139.517678571429,25.4425919837912,43.4853076218601
2008,8,"national",2012,2008.26923076923,99,8.70396403564215e-06,9.10713194657696e-06,8.31839818558098e-06,29.2665352189561,62.8311928571429,24.6658442456044,66.8216392625077
2008,9,"national",2012,2008.30769230769,170,8.82845832717577e-06,9.25197759411484e-06,8.42411100082376e-06,28.2997213021978,183.938742857143,25.1669589141026,139.517678571429
2009,1,"national",2012,2009,121,4.64747889129841e-06,4.87947429820817e-06,4.4262270532851e-06,23.5792516293956,1.52526170895449,27.4515362579671,62.8311928571429
2009,10,"national",2012,2009.34615384615,397,1.09641971926207e-05,1.15085377183507e-05,1.04453348162491e-05,27.799103092033,201.826507142857,26.3746789233517,183.938742857143
2009,11,"national",2012,2009.38461538462,611,1.04477308447764e-05,1.09946909511223e-05,9.92774152254617e-06,27.5043941689561,250.760771428571,26.7226500634616,1.52526170895449
2009,12,"national",2012,2009.42307692308,818,1.04017090599461e-05,1.09698221822994e-05,9.86276613382653e-06,28.0959905777473,114.321678571429,28.8885067049451,201.826507142857
2009,13,"national",2012,2009.46153846154,1104,9.3841493761996e-06,9.91394405742232e-06,8.88242963404574e-06,27.8772779972528,141.287042857143,28.2614190241758,250.760771428571
2009,14,"national",2012,2009.5,1203,9.38778656169053e-06,9.92519892940412e-06,8.87924185069016e-06,27.638977256044,185.130142857143,29.2665352189561,114.321678571429
2009,15,"national",2012,2009.53846153846,1151,9.349873276871e-06,9.89138806281296e-06,8.83776604675345e-06,26.9471558771978,265.616964285714,28.2997213021978,141.287042857143
2009,16,"national",2012,2009.57692307692,917,8.61861429117212e-06,9.12113303101348e-06,8.14355757932735e-06,27.6554580120879,154.102885714286,23.5792516293956,185.130142857143
2009,17,"national",2012,2009.61538461538,956,8.65208032374721e-06,9.15380679979868e-06,8.17762889459015e-06,27.942807534066,174.666185714286,27.799103092033,265.616964285714
2009,18,"national",2012,2009.65384615385,957,8.22132403347405e-06,8.69489768206121e-06,7.77332981477007e-06,26.4081830065934,406.318514285714,27.5043941689561,154.102885714286
2009,19,"national",2012,2009.69230769231,642,7.02921456852972e-06,7.42888372138797e-06,6.65087011800277e-06,27.3110058736264,185.955821428571,28.0959905777473,174.666185714286
2009,2,"national",2012,2009.03846153846,48,4.30798186091561e-06,4.51841940395325e-06,4.10701769412882e-06,24.8473718997253,2.49547393679023,27.8772779972528,406.318514285714
2009,20,"national",2012,2009.73076923077,382,6.96640217592822e-06,7.35243159356617e-06,6.60046560168002e-06,26.5416074318682,363.245821428571,27.638977256044,185.955821428571
2009,21,"national",2012,2009.76923076923,419,7.55823232372803e-06,7.96575388790474e-06,7.17139083568721e-06,26.5381272126374,217.2949,26.9471558771978,2.49547393679023
2009,22,"national",2012,2009.80769230769,392,6.00653496086342e-06,6.32799172335408e-06,5.70127313075277e-06,26.6726388186813,125.24564522618,27.6554580120879,363.245821428571
2009,23,"national",2012,2009.84615384615,273,5.94411820349498e-06,6.25337563193856e-06,5.65001990963156e-06,27.522907914011,28.435144723668,27.942807534066,217.2949
2009,24,"national",2012,2009.88461538462,162,5.37674551723084e-06,5.65193852522482e-06,5.11481167961566e-06,25.7171732854396,0.295734847434542,26.4081830065934,125.24564522618
2009,25,"national",2012,2009.92307692308,147,6.76921433026847e-06,7.10320214449445e-06,6.45076905027468e-06,26.1358641299451,4.94484180108119,27.3110058736264,28.435144723668
2009,26,"national",2012,2009.96153846154,105,3.4011941719963e-06,3.57812114881231e-06,3.23283314216989e-06,26.9822980294872,6.04156617457034,24.8473718997253,0.295734847434542
2009,3,"national",2012,2009.07692307692,53,5.26160107027342e-06,5.51131377259037e-06,5.02282624748834e-06,25.9918759826923,7.86617675733745,26.5416074318682,4.94484180108119
2009,4,"national",2012,2009.11538461538,68,6.34533634428577e-06,6.63841648447531e-06,6.06486859719509e-06,28.43326405,22.297810652669,26.5381272126374,6.04156617457034
2009,5,"national",2012,2009.15384615385,105,6.09068377582006e-06,6.37522758398585e-06,5.8185752780824e-06,28.9707186620879,63.28609713261,26.6726388186813,7.86617675733745
2009,6,"national",2012,2009.19230769231,115,5.48490801082405e-06,5.74555600566255e-06,5.23585040909267e-06,28.2154087782967,113.024345887754,27.522907914011,22.297810652669
2009,7,"national",2012,2009.23076923077,123,6.15432790641088e-06,6.4420353062358e-06,5.87925995440689e-06,28.0922814887363,138.804445907043,25.7171732854396,63.28609713261
2009,8,"national",2012,2009.26923076923,174,8.70396403564215e-06,9.10713194657696e-06,8.31839818558098e-06,29.0625449052198,87.6267071428571,26.1358641299451,113.024345887754
2009,9,"national",2012,2009.30769230769,256,8.82845832717577e-06,9.25197759411484e-06,8.42411100082376e-06,27.9158400445055,220.677814285714,26.9822980294872,138.804445907043
2010,1,"national",2012,2010,123,4.64747889129841e-06,4.87947429820817e-06,4.4262270532851e-06,27.276880806044,6.68847058986154,25.9918759826923,87.6267071428571
2010,10,"national",2012,2010.34615384615,129,1.09641971926207e-05,1.15085377183507e-05,1.04453348162491e-05,30.612134231044,80.20918580985,28.43326405,220.677814285714
2010,11,"national",2012,2010.38461538462,303,1.04477308447764e-05,1.09946909511223e-05,9.92774152254617e-06,29.443709171978,160.632471428571,28.9707186620879,6.68847058986154
2010,12,"national",2012,2010.42307692308,386,1.04017090599461e-05,1.09698221822994e-05,9.86276613382653e-06,28.9738711041209,170.118485714286,28.2154087782967,80.20918580985
2010,13,"national",2012,2010.46153846154,564,9.3841493761996e-06,9.91394405742232e-06,8.88242963404574e-06,28.1946619725275,223.73175,28.0922814887363,160.632471428571
2010,14,"national",2012,2010.5,939,9.38778656169053e-06,9.92519892940412e-06,8.87924185069016e-06,28.2982725909341,149.698592857143,29.0625449052198,170.118485714286
2010,15,"national",2012,2010.53846153846,1251,9.349873276871e-06,9.89138806281296e-06,8.83776604675345e-06,27.711630539011,200.314835714286,27.9158400445055,223.73175
2010,16,"national",2012,2010.57692307692,1636,8.61861429117212e-06,9.12113303101348e-06,8.14355757932735e-06,27.315758503022,229.740007142857,27.276880806044,149.698592857143
2010,17,"national",2012,2010.61538461538,1516,8.65208032374721e-06,9.15380679979868e-06,8.17762889459015e-06,27.3614555637363,221.053064285714,30.612134231044,200.314835714286
2010,18,"national",2012,2010.65384615385,1306,8.22132403347405e-06,8.69489768206121e-06,7.77332981477007e-06,27.471905428022,208.732321428571,29.443709171978,229.740007142857
2010,19,"national",2012,2010.69230769231,1072,7.02921456852972e-06,7.42888372138797e-06,6.65087011800277e-06,27.450531139011,208.046135714286,28.9738711041209,221.053064285714
2010,2,"national",2012,2010.03846153846,67,4.30798186091561e-06,4.51841940395325e-06,4.10701769412882e-06,26.0674315508242,82.8513657043814,28.1946619725275,208.732321428571
2010,20,"national",2012,2010.73076923077,890,6.96640217592822e-06,7.35243159356617e-06,6.60046560168002e-06,27.1610662722528,266.904885714286,28.2982725909341,208.046135714286
2010,21,"national",2012,2010.76923076923,604,7.55823232372803e-06,7.96575388790474e-06,7.17139083568721e-06,26.4372338219781,348.189057142857,27.711630539011,82.8513657043814
2010,22,"national",2012,2010.80769230769,436,6.00653496086342e-06,6.32799172335408e-06,5.70127313075277e-06,25.7827541219781,108.636574679699,27.315758503022,266.904885714286
2010,23,"national",2012,2010.84615384615,289,5.94411820349498e-06,6.25337563193856e-06,5.65001990963156e-06,26.0428697274725,99.68520133208,27.3614555637363,348.189057142857
2010,24,"national",2012,2010.88461538462,185,5.37674551723084e-06,5.65193852522482e-06,5.11481167961566e-06,26.6005421082418,40.4893426805551,27.471905428022,108.636574679699
2010,25,"national",2012,2010.92307692308,143,6.76921433026847e-06,7.10320214449445e-06,6.45076905027468e-06,26.5243004873627,47.5747528004597,27.450531139011,99.68520133208
2010,26,"national",2012,2010.96153846154,131,3.4011941719963e-06,3.57812114881231e-06,3.23283314216989e-06,25.9036184835898,3.12636757554645,26.0674315508242,40.4893426805551
2010,3,"national",2012,2010.07692307692,45,5.26160107027342e-06,5.51131377259037e-06,5.02282624748834e-06,28.5160023087912,7.69243471042595,27.1610662722528,47.5747528004597
2010,4,"national",2012,2010.11538461538,48,6.34533634428577e-06,6.63841648447531e-06,6.06486859719509e-06,29.0129232192308,15.7991554410535,26.4372338219781,3.12636757554645
2010,5,"national",2012,2010.15384615385,78,6.09068377582006e-06,6.37522758398585e-06,5.8185752780824e-06,29.9763439664835,3.46415346344672,25.7827541219781,7.69243471042595
2010,6,"national",2012,2010.19230769231,111,5.48490801082405e-06,5.74555600566255e-06,5.23585040909267e-06,30.5228244587912,36.2819321261284,26.0428697274725,15.7991554410535
2010,7,"national",2012,2010.23076923077,80,6.15432790641088e-06,6.4420353062358e-06,5.87925995440689e-06,30.2469883873627,60.2514858558877,26.6005421082418,3.46415346344672
2010,8,"national",2012,2010.26923076923,65,8.70396403564215e-06,9.10713194657696e-06,8.31839818558098e-06,30.7407195510989,78.4058233723456,26.5243004873627,36.2819321261284
2010,9,"national",2012,2010.30769230769,103,8.82845832717577e-06,9.25197759411484e-06,8.42411100082376e-06,29.4645313912088,148.652985714286,25.9036184835898,60.2514858558877
2011,1,"national",2012,2011,2,4.64747889129841e-06,4.87947429820817e-06,4.4262270532851e-06,26.068577070055,4.09053299868881,28.5160023087912,78.4058233723456
2011,10,"national",2012,2011.34615384615,192,1.09641971926207e-05,1.15085377183507e-05,1.04453348162491e-05,28.4554744645604,192.151578571429,29.0129232192308,148.652985714286
2011,11,"national",2012,2011.38461538462,422,1.04477308447764e-05,1.09946909511223e-05,9.92774152254617e-06,28.3156358467033,210.982021428571,29.9763439664835,4.09053299868881
2011,12,"national",2012,2011.42307692308,832,1.04017090599461e-05,1.09698221822994e-05,9.86276613382653e-06,27.6622385510989,186.676228571429,30.5228244587912,192.151578571429
2011,13,"national",2012,2011.46153846154,1250,9.3841493761996e-06,9.91394405742232e-06,8.88242963404574e-06,27.6304889134616,182.187557142857,30.2469883873627,210.982021428571
2011,14,"national",2012,2011.5,1393,9.38778656169053e-06,9.92519892940412e-06,8.87924185069016e-06,27.8735090925824,150.077271428571,30.7407195510989,186.676228571429
2011,15,"national",2012,2011.53846153846,1643,9.349873276871e-06,9.89138806281296e-06,8.83776604675345e-06,27.4890077689561,198.182228571429,29.4645313912088,182.187557142857
2011,16,"national",2012,2011.57692307692,1657,8.61861429117212e-06,9.12113303101348e-06,8.14355757932735e-06,27.2570584346154,190.446421428571,26.068577070055,150.077271428571
2011,17,"national",2012,2011.61538461538,1584,8.65208032374721e-06,9.15380679979868e-06,8.17762889459015e-06,27.4256475906594,213.897964285714,28.4554744645604,198.182228571429
2011,18,"national",2012,2011.65384615385,1552,8.22132403347405e-06,8.69489768206121e-06,7.77332981477007e-06,26.930654642033,292.918735714286,28.3156358467033,190.446421428571
2011,19,"national",2012,2011.69230769231,1390,7.02921456852972e-06,7.42888372138797e-06,6.65087011800277e-06,26.524145064011,339.730707142857,27.6622385510989,213.897964285714
2011,2,"national",2012,2011.03846153846,75,4.30798186091561e-06,4.51841940395325e-06,4.10701769412882e-06,26.1923297774726,1.67903022596736,27.6304889134616,292.918735714286
2011,20,"national",2012,2011.73076923077,984,6.96640217592822e-06,7.35243159356617e-06,6.60046560168002e-06,26.3986033145605,231.666857142857,27.8735090925824,339.730707142857
2011,21,"national",2012,2011.76923076923,655,7.55823232372803e-06,7.96575388790474e-06,7.17139083568721e-06,26.4939912615385,239.194428571429,27.4890077689561,1.67903022596736
2011,22,"national",2012,2011.80769230769,620,6.00653496086342e-06,6.32799172335408e-06,5.70127313075277e-06,27.4493905568682,26.2082473982079,27.2570584346154,231.666857142857
2011,23,"national",2012,2011.84615384615,447,5.94411820349498e-06,6.25337563193856e-06,5.65001990963156e-06,26.6880697857143,77.965520966338,27.4256475906594,239.194428571429
2011,24,"national",2012,2011.88461538462,331,5.37674551723084e-06,5.65193852522482e-06,5.11481167961566e-06,27.4297311538462,12.010836048654,26.930654642033,26.2082473982079
2011,25,"national",2012,2011.92307692308,235,6.76921433026847e-06,7.10320214449445e-06,6.45076905027468e-06,25.4624228483517,44.5795365074191,26.524145064011,77.965520966338
2011,26,"national",2012,2011.96153846154,315,3.4011941719963e-06,3.57812114881231e-06,3.23283314216989e-06,25.8946355012821,4.72761275900583,26.1923297774726,12.010836048654
2011,3,"national",2012,2011.07692307692,55,5.26160107027342e-06,5.51131377259037e-06,5.02282624748834e-06,26.5431204637363,3.25867166832567,26.3986033145605,44.5795365074191
2011,4,"national",2012,2011.11538461538,53,6.34533634428577e-06,6.63841648447531e-06,6.06486859719509e-06,28.3990358906594,43.0736286863041,26.4939912615385,4.72761275900583
2011,5,"national",2012,2011.15384615385,43,6.09068377582006e-06,6.37522758398585e-06,5.8185752780824e-06,28.7319773598901,50.04095447394,27.4493905568682,3.25867166832567
2011,6,"national",2012,2011.19230769231,31,5.48490801082405e-06,5.74555600566255e-06,5.23585040909267e-06,27.8928886791209,104.303882555316,26.6880697857143,43.0736286863041
2011,7,"national",2012,2011.23076923077,65,6.15432790641088e-06,6.4420353062358e-06,5.87925995440689e-06,27.6108813579671,75.3639790627066,27.4297311538462,50.04095447394
2011,8,"national",2012,2011.26923076923,57,8.70396403564215e-06,9.10713194657696e-06,8.31839818558098e-06,28.8154858057692,100.941591624179,25.4624228483517,104.303882555316
2011,9,"national",2012,2011.30769230769,109,8.82845832717577e-06,9.25197759411484e-06,8.42411100082376e-06,28.5520487741758,162.277671428571,25.8946355012821,75.3639790627066
2012,1,"national",2012,2012,229,4.64747889129841e-06,4.87947429820817e-06,4.4262270532851e-06,26.9192457365385,6.37946630333071,26.5431204637363,100.941591624179
2012,10,"national",2012,2012.34615384615,1001,1.09641971926207e-05,1.15085377183507e-05,1.04453348162491e-05,28.1234969755495,217.691635714286,28.3990358906594,162.277671428571
2012,11,"national",2012,2012.38461538462,1558,1.04477308447764e-05,1.09946909511223e-05,9.92774152254617e-06,28.2226646618132,196.05095,28.7319773598901,6.37946630333071
2012,12,"national",2012,2012.42307692308,2395,1.04017090599461e-05,1.09698221822994e-05,9.86276613382653e-06,28.3606365101649,151.477378571429,27.8928886791209,217.691635714286
2012,13,"national",2012,2012.46153846154,3570,9.3841493761996e-06,9.91394405742232e-06,8.88242963404574e-06,28.2922471195055,119.784678571429,27.6108813579671,196.05095
2012,14,"national",2012,2012.5,4863,9.38778656169053e-06,9.92519892940412e-06,8.87924185069016e-06,27.1606260013737,244.129964285714,28.8154858057692,151.477378571429
2012,15,"national",2012,2012.53846153846,4249,9.349873276871e-06,9.89138806281296e-06,8.83776604675345e-06,28.2166521994506,108.872007142857,28.5520487741758,119.784678571429
2012,16,"national",2012,2012.57692307692,3897,8.61861429117212e-06,9.12113303101348e-06,8.14355757932735e-06,27.9070285945055,88.3513928571428,26.9192457365385,244.129964285714
2012,17,"national",2012,2012.61538461538,3928,8.65208032374721e-06,9.15380679979868e-06,8.17762889459015e-06,28.0562026568682,174.44075,28.1234969755495,108.872007142857
2012,18,"national",2012,2012.65384615385,3206,8.22132403347405e-06,8.69489768206121e-06,7.77332981477007e-06,27.0845648112638,264.333721428571,28.2226646618132,88.3513928571428
2012,19,"national",2012,2012.69230769231,2885,7.02921456852972e-06,7.42888372138797e-06,6.65087011800277e-06,26.780636339011,339.492092857143,28.3606365101649,174.44075
2012,2,"national",2012,2012.03846153846,111,4.30798186091561e-06,4.51841940395325e-06,4.10701769412882e-06,27.5291954527473,74.7053440265705,28.2922471195055,264.333721428571
2012,20,"national",2012,2012.73076923077,1972,6.96640217592822e-06,7.35243159356617e-06,6.60046560168002e-06,26.5362729414835,395.408314285714,27.1606260013737,339.492092857143
2012,21,"national",2012,2012.76923076923,1952,7.55823232372803e-06,7.96575388790474e-06,7.17139083568721e-06,27.1920564379121,105.562964726379,28.2166521994506,74.7053440265705
2012,22,"national",2012,2012.80769230769,1293,6.00653496086342e-06,6.32799172335408e-06,5.70127313075277e-06,27.7015309120879,95.4594090864993,27.9070285945055,395.408314285714
2012,23,"national",2012,2012.84615384615,1082,5.94411820349498e-06,6.25337563193856e-06,5.65001990963156e-06,27.6595187813187,105.497971428571,28.0562026568682,105.562964726379
2012,24,"national",2012,2012.88461538462,735,5.37674551723084e-06,5.65193852522482e-06,5.11481167961566e-06,27.3092809302198,86.1234239018893,27.0845648112638,95.4594090864993
2012,25,"national",2012,2012.92307692308,561,6.76921433026847e-06,7.10320214449445e-06,6.45076905027468e-06,27.2713605626374,7.29784209739415,26.780636339011,105.497971428571
2012,26,"national",2012,2012.96153846154,712,3.4011941719963e-06,3.57812114881231e-06,3.23283314216989e-06,27.8061735515385,7.60727223867006,27.5291954527473,86.1234239018893
2012,3,"national",2012,2012.07692307692,114,5.26160107027342e-06,5.51131377259037e-06,5.02282624748834e-06,28.1876827098901,43.7255133457551,26.5362729414835,7.29784209739415
2012,4,"national",2012,2012.11538461538,139,6.34533634428577e-06,6.63841648447531e-06,6.06486859719509e-06,28.2441211760989,72.0638387891529,27.1920564379121,7.60727223867006
2012,5,"national",2012,2012.15384615385,186,6.09068377582006e-06,6.37522758398585e-06,5.8185752780824e-06,29.7002506524726,55.5636745086588,27.7015309120879,43.7255133457551
2012,6,"national",2012,2012.19230769231,254,5.48490801082405e-06,5.74555600566255e-06,5.23585040909267e-06,29.3500806967033,67.9854969737333,27.6595187813187,72.0638387891529
2012,7,"national",2012,2012.23076923077,375,6.15432790641088e-06,6.4420353062358e-06,5.87925995440689e-06,28.579349328022,107.232596633718,27.3092809302198,55.5636745086588
2012,8,"national",2012,2012.26923076923,462,8.70396403564215e-06,9.10713194657696e-06,8.31839818558098e-06,29.3261544469781,91.2854571428572,27.2713605626374,67.9854969737333
2012,9,"national",2012,2012.30769230769,622,8.82845832717577e-06,9.25197759411484e-06,8.42411100082376e-06,29.5999133942308,111.915421428571,27.8061735515385,107.232596633718
2013,1,"national",2019,2013,170,9.34124437363963e-06,9.62661603024853e-06,9.06417843425284e-06,26.4606955837912,18.5578462408545,28.1876827098901,91.2854571428572
2013,10,"national",2019,2013.34615384615,464,1.46544223232815e-05,1.50857402036662e-05,1.42352327298692e-05,29.2285605936813,171.083414285714,28.2441211760989,111.915421428571
2013,11,"national",2019,2013.38461538462,684,1.72817415258542e-05,1.77972617182183e-05,1.67809200345876e-05,28.6611215881868,186.841521428571,29.7002506524726,18.5578462408545
2013,12,"national",2019,2013.42307692308,1206,1.50076997855109e-05,1.54711043249092e-05,1.45579645720042e-05,27.9451611543956,289.019057142857,29.3500806967033,171.083414285714
2013,13,"national",2019,2013.46153846154,1536,2.03430263670435e-05,2.09787761571901e-05,1.97262431673434e-05,28.1432122145605,166.064364285714,28.579349328022,186.841521428571
2013,14,"national",2019,2013.5,1829,1.69125132138696e-05,1.74580023361203e-05,1.63838390966413e-05,27.5123396620879,207.242014285714,29.3261544469781,289.019057142857
2013,15,"national",2019,2013.53846153846,2268,1.5327927624063e-05,1.58282177364001e-05,1.48432478225961e-05,26.5988935956044,289.074828571429,29.5999133942308,166.064364285714
2013,16,"national",2019,2013.57692307692,1693,1.51488132612202e-05,1.56459727602673e-05,1.46672304179118e-05,26.9922196425824,282.435542857143,26.4606955837912,207.242014285714
2013,17,"national",2019,2013.61538461538,1206,1.58194727901796e-05,1.63370428698981e-05,1.53180631350419e-05,27.6639779027473,134.295179188679,29.2285605936813,289.074828571429
2013,18,"national",2019,2013.65384615385,1056,1.48857131806288e-05,1.53717013758881e-05,1.44148633607619e-05,27.5015784472528,182.780864285714,28.6611215881868,282.435542857143
2013,19,"national",2019,2013.69230769231,725,1.34893747475206e-05,1.39233662462766e-05,1.30687194671284e-05,26.4630346384616,370.349485714286,27.9451611543956,134.295179188679
2013,2,"national",2019,2013.03846153846,294,9.52571134069273e-06,9.81136230565107e-06,9.24819647025638e-06,26.9056591848901,11.2692957982106,28.1432122145605,182.780864285714
2013,20,"national",2019,2013.73076923077,583,1.54840449591539e-05,1.59712642925882e-05,1.5011479687873e-05,26.2430749230769,355.890442857143,27.5123396620879,370.349485714286
2013,21,"national",2019,2013.76923076923,494,1.60319428752821e-05,1.65336876970573e-05,1.55452173528258e-05,26.9971519491759,144.385245786229,26.5988935956044,11.2692957982106
2013,22,"national",2019,2013.80769230769,517,1.50113313420947e-05,1.54823234958254e-05,1.45544683702033e-05,27.2156072656594,26.2546736158692,26.9922196425824,355.890442857143
2013,23,"national",2019,2013.84615384615,507,1.4951131292301e-05,1.54176223831956e-05,1.44985545935525e-05,26.8671558120879,179.649064836019,27.6639779027473,144.385245786229
2013,24,"national",2019,2013.88461538462,363,1.23006097763614e-05,1.26837440994476e-05,1.19288895394402e-05,26.3563153832418,52.1691115090736,27.5015784472528,26.2546736158692
2013,25,"national",2019,2013.92307692308,233,1.18218834701481e-05,1.21838778246492e-05,1.14704941942927e-05,25.7938217255495,40.9614533730314,26.4630346384616,179.649064836019
2013,26,"national",2019,2013.96153846154,80,1.18988904512262e-05,1.22659010953632e-05,1.15426724614842e-05,22.4355975435898,13.5147647727641,26.9056591848901,52.1691115090736
2013,3,"national",2019,2013.07692307692,182,1.04143802893246e-05,1.07213179755592e-05,1.01160200047625e-05,28.820765345055,6.31812788718066,26.2430749230769,40.9614533730314
2013,4,"national",2019,2013.11538461538,166,1.1203360137011e-05,1.15301441149052e-05,1.08856123279925e-05,28.9553846881868,12.5976957493332,26.9971519491759,13.5147647727641
2013,5,"national",2019,2013.15384615385,204,1.08689808618474e-05,1.11861953000212e-05,1.05605424653949e-05,29.9312248019231,16.6613805395163,27.2156072656594,6.31812788718066
2013,6,"national",2019,2013.19230769231,254,1.32063003105532e-05,1.35847657530428e-05,1.28381462626831e-05,30.1117520788462,51.8371479382443,26.8671558120879,12.5976957493332
2013,7,"national",2019,2013.23076923077,245,1.07355515806052e-05,1.10493357892439e-05,1.043049425487e-05,30.9305804038462,60.9955824604079,26.3563153832418,16.6613805395163
2013,8,"national",2019,2013.26923076923,265,1.22825847755611e-05,1.26373468669516e-05,1.19375869026132e-05,29.1290174821429,169.6077,25.7938217255495,51.8371479382443
2013,9,"national",2019,2013.30769230769,312,1.51177078947287e-05,1.55505886672583e-05,1.46966740690413e-05,29.2120345131868,148.864071428571,22.4355975435898,60.9955824604079
2014,1,"national",2019,2014,63,9.34124437363963e-06,9.62661603024853e-06,9.06417843425284e-06,25.5911487266484,1.21925093988536,28.820765345055,169.6077
2014,10,"national",2019,2014.34615384615,97,1.46544223232815e-05,1.50857402036662e-05,1.42352327298692e-05,29.7079541931319,91.2198545095357,28.9553846881868,148.864071428571
2014,11,"national",2019,2014.38461538462,142,1.72817415258542e-05,1.77972617182183e-05,1.67809200345876e-05,29.9706532659341,112.334585714286,29.9312248019231,1.21925093988536
2014,12,"national",2019,2014.42307692308,223,1.50076997855109e-05,1.54711043249092e-05,1.45579645720042e-05,28.6753211217033,203.20645,30.1117520788462,91.2198545095357
2014,13,"national",2019,2014.46153846154,216,2.03430263670435e-05,2.09787761571901e-05,1.97262431673434e-05,27.8942223447803,169.77775,30.9305804038462,112.334585714286
2014,14,"national",2019,2014.5,238,1.69125132138696e-05,1.74580023361203e-05,1.63838390966413e-05,28.0147773928572,236.346957142857,29.1290174821429,203.20645
2014,15,"national",2019,2014.53846153846,277,1.5327927624063e-05,1.58282177364001e-05,1.48432478225961e-05,27.1940622118132,230.433228571429,29.2120345131868,169.77775
2014,16,"national",2019,2014.57692307692,220,1.51488132612202e-05,1.56459727602673e-05,1.46672304179118e-05,27.342983885989,200.613942857143,25.5911487266484,236.346957142857
2014,17,"national",2019,2014.61538461538,329,1.58194727901796e-05,1.63370428698981e-05,1.53180631350419e-05,28.1672379934066,160.506007142857,29.7079541931319,230.433228571429
2014,18,"national",2019,2014.65384615385,279,1.48857131806288e-05,1.53717013758881e-05,1.44148633607619e-05,26.7447896601649,245.590907142857,29.9706532659341,200.613942857143
2014,19,"national",2019,2014.69230769231,252,1.34893747475206e-05,1.39233662462766e-05,1.30687194671284e-05,27.4614684788462,194.631042857143,28.6753211217033,160.506007142857
2014,2,"national",2019,2014.03846153846,47,9.52571134069273e-06,9.81136230565107e-06,9.24819647025638e-06,22.9604158862638,0.109557553201474,27.8942223447803,245.590907142857
2014,20,"national",2019,2014.73076923077,157,1.54840449591539e-05,1.59712642925882e-05,1.5011479687873e-05,27.2704064903846,244.521742857143,28.0147773928572,194.631042857143
2014,21,"national",2019,2014.76923076923,173,1.60319428752821e-05,1.65336876970573e-05,1.55452173528258e-05,27.4148402173077,124.108827794943,27.1940622118132,0.109557553201474
2014,22,"national",2019,2014.80769230769,151,1.50113313420947e-05,1.54823234958254e-05,1.45544683702033e-05,27.1638042478022,178.161728571429,27.342983885989,244.521742857143
2014,23,"national",2019,2014.84615384615,150,1.4951131292301e-05,1.54176223831956e-05,1.44985545935525e-05,27.8304307126374,28.2329526612809,28.1672379934066,124.108827794943
2014,24,"national",2019,2014.88461538462,184,1.23006097763614e-05,1.26837440994476e-05,1.19288895394402e-05,27.9701382846154,76.9201631910598,26.7447896601649,178.161728571429
2014,25,"national",2019,2014.92307692308,131,1.18218834701481e-05,1.21838778246492e-05,1.14704941942927e-05,26.5702490145605,39.5866145382486,27.4614684788462,28.2329526612809
2014,26,"national",2019,2014.96153846154,133,1.18988904512262e-05,1.22659010953632e-05,1.15426724614842e-05,25.8151696061539,4.8649214720415,22.9604158862638,76.9201631910598
2014,3,"national",2019,2014.07692307692,27,1.04143802893246e-05,1.07213179755592e-05,1.01160200047625e-05,26.1636098576923,2.4718161381742,27.2704064903846,39.5866145382486
2014,4,"national",2019,2014.11538461538,23,1.1203360137011e-05,1.15301441149052e-05,1.08856123279925e-05,27.0623961739011,12.6629696634262,27.4148402173077,4.8649214720415
2014,5,"national",2019,2014.15384615385,30,1.08689808618474e-05,1.11861953000212e-05,1.05605424653949e-05,28.8669133016484,2.67126440280999,27.1638042478022,2.4718161381742
2014,6,"national",2019,2014.19230769231,28,1.32063003105532e-05,1.35847657530428e-05,1.28381462626831e-05,30.0660251887363,24.8933278677465,27.8304307126374,12.6629696634262
2014,7,"national",2019,2014.23076923077,47,1.07355515806052e-05,1.10493357892439e-05,1.043049425487e-05,29.3051798233517,113.605258580636,27.9701382846154,2.67126440280999
2014,8,"national",2019,2014.26923076923,53,1.22825847755611e-05,1.26373468669516e-05,1.19375869026132e-05,28.8563988357143,105.275464285714,26.5702490145605,24.8933278677465
2014,9,"national",2019,2014.30769230769,60,1.51177078947287e-05,1.55505886672583e-05,1.46966740690413e-05,28.8782725532967,138.954357142857,25.8151696061539,113.605258580636
2015,1,"national",2019,2015,224,9.34124437363963e-06,9.62661603024853e-06,9.06417843425284e-06,25.9899924733517,12.243215451406,26.1636098576923,105.275464285714
2015,10,"national",2019,2015.34615384615,154,1.46544223232815e-05,1.50857402036662e-05,1.42352327298692e-05,29.9726007826923,108.184224721464,27.0623961739011,138.954357142857
2015,11,"national",2019,2015.38461538462,259,1.72817415258542e-05,1.77972617182183e-05,1.67809200345876e-05,29.9916764291209,100.144085714286,28.8669133016484,12.243215451406
2015,12,"national",2019,2015.42307692308,386,1.50076997855109e-05,1.54711043249092e-05,1.45579645720042e-05,29.3470595197802,149.286392857143,30.0660251887363,108.184224721464
2015,13,"national",2019,2015.46153846154,552,2.03430263670435e-05,2.09787761571901e-05,1.97262431673434e-05,27.8496902947802,186.731542857143,29.3051798233517,100.144085714286
2015,14,"national",2019,2015.5,786,1.69125132138696e-05,1.74580023361203e-05,1.63838390966413e-05,29.0321713706044,177.58325,28.8563988357143,149.286392857143
2015,15,"national",2019,2015.53846153846,1103,1.5327927624063e-05,1.58282177364001e-05,1.48432478225961e-05,27.9747339096154,123.374176127557,28.8782725532967,186.731542857143
2015,16,"national",2019,2015.57692307692,1484,1.51488132612202e-05,1.56459727602673e-05,1.46672304179118e-05,27.448284021978,242.607864285714,25.9899924733517,177.58325
2015,17,"national",2019,2015.61538461538,1673,1.58194727901796e-05,1.63370428698981e-05,1.53180631350419e-05,28.379392084066,194.492214285714,29.9726007826923,123.374176127557
2015,18,"national",2019,2015.65384615385,1637,1.48857131806288e-05,1.53717013758881e-05,1.44148633607619e-05,28.0157284365385,176.257335714286,29.9916764291209,242.607864285714
2015,19,"national",2019,2015.69230769231,1531,1.34893747475206e-05,1.39233662462766e-05,1.30687194671284e-05,27.1588320439561,312.852735714286,29.3470595197802,194.492214285714
2015,2,"national",2019,2015.03846153846,67,9.52571134069273e-06,9.81136230565107e-06,9.24819647025638e-06,24.8374760164835,0.745896465594495,27.8496902947802,176.257335714286
2015,20,"national",2019,2015.73076923077,1192,1.54840449591539e-05,1.59712642925882e-05,1.5011479687873e-05,27.5734301947802,230.544971428571,29.0321713706044,312.852735714286
2015,21,"national",2019,2015.76923076923,939,1.60319428752821e-05,1.65336876970573e-05,1.55452173528258e-05,27.3368639642857,197.527147602651,27.9747339096154,0.745896465594495
2015,22,"national",2019,2015.80769230769,769,1.50113313420947e-05,1.54823234958254e-05,1.45544683702033e-05,27.9288458104396,57.4816843616889,27.448284021978,230.544971428571
2015,23,"national",2019,2015.84615384615,701,1.4951131292301e-05,1.54176223831956e-05,1.44985545935525e-05,27.9588984656594,95.51008311385,28.379392084066,197.527147602651
2015,24,"national",2019,2015.88461538462,505,1.23006097763614e-05,1.26837440994476e-05,1.19288895394402e-05,28.605248967033,18.8286947099941,28.0157284365385,57.4816843616889
2015,25,"national",2019,2015.92307692308,578,1.18218834701481e-05,1.21838778246492e-05,1.14704941942927e-05,28.7607384392857,15.0551796467797,27.1588320439561,95.51008311385
2015,26,"national",2019,2015.96153846154,423,1.18988904512262e-05,1.22659010953632e-05,1.15426724614842e-05,26.9583161066667,11.576861084268,24.8374760164835,18.8286947099941
2015,3,"national",2019,2015.07692307692,59,1.04143802893246e-05,1.07213179755592e-05,1.01160200047625e-05,25.779275914011,1.39997841874603,27.5734301947802,15.0551796467797
2015,4,"national",2019,2015.11538461538,48,1.1203360137011e-05,1.15301441149052e-05,1.08856123279925e-05,27.4211506071429,24.870696378664,27.3368639642857,11.576861084268
2015,5,"national",2019,2015.15384615385,46,1.08689808618474e-05,1.11861953000212e-05,1.05605424653949e-05,29.4538809093407,12.4479421015294,27.9288458104396,1.39997841874603
2015,6,"national",2019,2015.19230769231,52,1.32063003105532e-05,1.35847657530428e-05,1.28381462626831e-05,29.5437986802198,19.8247675945428,27.9588984656594,24.870696378664
2015,7,"national",2019,2015.23076923077,70,1.07355515806052e-05,1.10493357892439e-05,1.043049425487e-05,29.9869165098901,48.34090528085,28.605248967033,12.4479421015294
2015,8,"national",2019,2015.26923076923,89,1.22825847755611e-05,1.26373468669516e-05,1.19375869026132e-05,29.9010018423077,64.9432672520703,28.7607384392857,19.8247675945428
2015,9,"national",2019,2015.30769230769,80,1.51177078947287e-05,1.55505886672583e-05,1.46966740690413e-05,29.5017911510989,97.0306,26.9583161066667,48.34090528085
2016,1,"national",2019,2016,177,9.34124437363963e-06,9.62661603024853e-06,9.06417843425284e-06,27.7847034653846,16.2934775115222,25.779275914011,64.9432672520703
2016,10,"national",2019,2016.34615384615,168,1.46544223232815e-05,1.50857402036662e-05,1.42352327298692e-05,30.6872995664835,121.130421428571,27.4211506071429,97.0306
2016,11,"national",2019,2016.38461538462,174,1.72817415258542e-05,1.77972617182183e-05,1.67809200345876e-05,28.8491841818682,223.359492857143,29.4538809093407,16.2934775115222
2016,12,"national",2019,2016.42307692308,333,1.50076997855109e-05,1.54711043249092e-05,1.45579645720042e-05,29.3602589483517,119.32005559825,29.5437986802198,121.130421428571
2016,13,"national",2019,2016.46153846154,520,2.03430263670435e-05,2.09787761571901e-05,1.97262431673434e-05,27.1973309151099,327.344771428572,29.9869165098901,223.359492857143
2016,14,"national",2019,2016.5,1127,1.69125132138696e-05,1.74580023361203e-05,1.63838390966413e-05,27.3787240148352,250.601078571429,29.9010018423077,119.32005559825
2016,15,"national",2019,2016.53846153846,1201,1.5327927624063e-05,1.58282177364001e-05,1.48432478225961e-05,27.9782894516484,192.188707142857,29.5017911510989,327.344771428572
2016,16,"national",2019,2016.57692307692,1320,1.51488132612202e-05,1.56459727602673e-05,1.46672304179118e-05,27.6474372483517,231.365328571429,27.7847034653846,250.601078571429
2016,17,"national",2019,2016.61538461538,1341,1.58194727901796e-05,1.63370428698981e-05,1.53180631350419e-05,28.5097298409341,160.864064285714,30.6872995664835,192.188707142857
2016,18,"national",2019,2016.65384615385,1207,1.48857131806288e-05,1.53717013758881e-05,1.44148633607619e-05,28.3010048151099,174.233378571428,28.8491841818682,231.365328571429
2016,19,"national",2019,2016.69230769231,1021,1.34893747475206e-05,1.39233662462766e-05,1.30687194671284e-05,26.9909242436813,330.552614285714,29.3602589483517,160.864064285714
2016,2,"national",2019,2016.03846153846,198,9.52571134069273e-06,9.81136230565107e-06,9.24819647025638e-06,27.4331083978022,28.6790542919229,27.1973309151099,174.233378571428
2016,20,"national",2019,2016.73076923077,662,1.54840449591539e-05,1.59712642925882e-05,1.5011479687873e-05,27.2912814010989,279.227728571429,27.3787240148352,330.552614285714
2016,21,"national",2019,2016.76923076923,581,1.60319428752821e-05,1.65336876970573e-05,1.55452173528258e-05,26.9466416255495,291.507128571429,27.9782894516484,28.6790542919229
2016,22,"national",2019,2016.80769230769,531,1.50113313420947e-05,1.54823234958254e-05,1.45544683702033e-05,26.94792065,237.759960054229,27.6474372483517,279.227728571429
2016,23,"national",2019,2016.84615384615,313,1.4951131292301e-05,1.54176223831956e-05,1.44985545935525e-05,27.5021518173077,101.890835074649,28.5097298409341,291.507128571429
2016,24,"national",2019,2016.88461538462,388,1.23006097763614e-05,1.26837440994476e-05,1.19288895394402e-05,27.260645867033,97.0713026995865,28.3010048151099,237.759960054229
2016,25,"national",2019,2016.92307692308,236,1.18218834701481e-05,1.21838778246492e-05,1.14704941942927e-05,26.089799710989,140.535191692411,26.9909242436813,101.890835074649
2016,26,"national",2019,2016.96153846154,156,1.18988904512262e-05,1.22659010953632e-05,1.15426724614842e-05,26.1050115828205,26.7296774720089,27.4331083978022,97.0713026995865
2016,3,"national",2019,2016.07692307692,195,1.04143802893246e-05,1.07213179755592e-05,1.01160200047625e-05,26.4679142807693,5.1410290230533,27.2912814010989,140.535191692411
2016,4,"national",2019,2016.11538461538,176,1.1203360137011e-05,1.15301441149052e-05,1.08856123279925e-05,28.2937449813187,3.02835879440864,26.9466416255495,26.7296774720089
2016,5,"national",2019,2016.15384615385,149,1.08689808618474e-05,1.11861953000212e-05,1.05605424653949e-05,28.733826559066,3.00069151313029,26.94792065,5.1410290230533
2016,6,"national",2019,2016.19230769231,145,1.32063003105532e-05,1.35847657530428e-05,1.28381462626831e-05,30.4793195189561,6.99467648484571,27.5021518173077,3.02835879440864
2016,7,"national",2019,2016.23076923077,195,1.07355515806052e-05,1.10493357892439e-05,1.043049425487e-05,29.9804650717033,16.9504276961244,27.260645867033,3.00069151313029
2016,8,"national",2019,2016.26923076923,107,1.22825847755611e-05,1.26373468669516e-05,1.19375869026132e-05,31.6703242785714,10.2217746252859,26.089799710989,6.99467648484571
2016,9,"national",2019,2016.30769230769,219,1.51177078947287e-05,1.55505886672583e-05,1.46966740690413e-05,31.3205837074176,56.2829460666711,26.1050115828205,16.9504276961244
2017,1,"national",2019,2017,174,9.34124437363963e-06,9.62661603024853e-06,9.06417843425284e-06,27.5790183101649,22.0700352102607,26.4679142807693,10.2217746252859
2017,10,"national",2019,2017.34615384615,87,1.46544223232815e-05,1.50857402036662e-05,1.42352327298692e-05,28.2447962656594,211.860071428571,28.2937449813187,56.2829460666711
2017,11,"national",2019,2017.38461538462,127,1.72817415258542e-05,1.77972617182183e-05,1.67809200345876e-05,28.2218407324176,272.193021428572,28.733826559066,22.0700352102607
2017,12,"national",2019,2017.42307692308,203,1.50076997855109e-05,1.54711043249092e-05,1.45579645720042e-05,28.3381938961539,141.205484438736,30.4793195189561,211.860071428571
2017,13,"national",2019,2017.46153846154,235,2.03430263670435e-05,2.09787761571901e-05,1.97262431673434e-05,28.0570373711539,184.006842857143,29.9804650717033,272.193021428572
2017,14,"national",2019,2017.5,528,1.69125132138696e-05,1.74580023361203e-05,1.63838390966413e-05,27.5122058016484,219.607171428571,31.6703242785714,141.205484438736
2017,15,"national",2019,2017.53846153846,450,1.5327927624063e-05,1.58282177364001e-05,1.48432478225961e-05,26.8626036019231,312.44775,31.3205837074176,184.006842857143
2017,16,"national",2019,2017.57692307692,491,1.51488132612202e-05,1.56459727602673e-05,1.46672304179118e-05,28.5002316409341,132.213414285714,27.5790183101649,219.607171428571
2017,17,"national",2019,2017.61538461538,371,1.58194727901796e-05,1.63370428698981e-05,1.53180631350419e-05,27.5223080903847,280.776978571428,28.2447962656594,312.44775
2017,18,"national",2019,2017.65384615385,430,1.48857131806288e-05,1.53717013758881e-05,1.44148633607619e-05,28.2930822082418,141.195957142857,28.2218407324176,132.213414285714
2017,19,"national",2019,2017.69230769231,362,1.34893747475206e-05,1.39233662462766e-05,1.30687194671284e-05,27.7388824247253,205.369771428571,28.3381938961539,280.776978571428
2017,2,"national",2019,2017.03846153846,82,9.52571134069273e-06,9.81136230565107e-06,9.24819647025638e-06,26.7865633156594,42.6204840357836,28.0570373711539,141.195957142857
2017,20,"national",2019,2017.73076923077,324,1.54840449591539e-05,1.59712642925882e-05,1.5011479687873e-05,27.1994292774726,298.925292857143,27.5122058016484,205.369771428571
2017,21,"national",2019,2017.76923076923,338,1.60319428752821e-05,1.65336876970573e-05,1.55452173528258e-05,27.5754298104396,230.399878571429,26.8626036019231,42.6204840357836
2017,22,"national",2019,2017.80769230769,319,1.50113313420947e-05,1.54823234958254e-05,1.45544683702033e-05,26.7675520623627,105.472947901156,28.5002316409341,298.925292857143
2017,23,"national",2019,2017.84615384615,306,1.4951131292301e-05,1.54176223831956e-05,1.44985545935525e-05,27.1056195258242,142.992378571429,27.5223080903847,230.399878571429
2017,24,"national",2019,2017.88461538462,266,1.23006097763614e-05,1.26837440994476e-05,1.19288895394402e-05,26.9355807274725,83.0939899564059,28.2930822082418,105.472947901156
2017,25,"national",2019,2017.92307692308,331,1.18218834701481e-05,1.21838778246492e-05,1.14704941942927e-05,26.5889165689561,28.2712243201152,27.7388824247253,142.992378571429
2017,26,"national",2019,2017.96153846154,483,1.18988904512262e-05,1.22659010953632e-05,1.15426724614842e-05,24.4544701453846,36.9324642652208,26.7865633156594,83.0939899564059
2017,3,"national",2019,2017.07692307692,70,1.04143802893246e-05,1.07213179755592e-05,1.01160200047625e-05,27.0839690945055,13.6517806016641,27.1994292774726,28.2712243201152
2017,4,"national",2019,2017.11538461538,70,1.1203360137011e-05,1.15301441149052e-05,1.08856123279925e-05,27.6294551384616,22.029286721581,27.5754298104396,36.9324642652208
2017,5,"national",2019,2017.15384615385,68,1.08689808618474e-05,1.11861953000212e-05,1.05605424653949e-05,28.6186268478022,15.4837716778156,26.7675520623627,13.6517806016641
2017,6,"national",2019,2017.19230769231,50,1.32063003105532e-05,1.35847657530428e-05,1.28381462626831e-05,28.9103555398352,116.936421428571,27.1056195258242,22.029286721581
2017,7,"national",2019,2017.23076923077,62,1.07355515806052e-05,1.10493357892439e-05,1.043049425487e-05,27.6616325211539,179.874892857143,26.9355807274725,15.4837716778156
2017,8,"national",2019,2017.26923076923,70,1.22825847755611e-05,1.26373468669516e-05,1.19375869026132e-05,29.9181610826923,31.3208343889954,26.5889165689561,116.936421428571
2017,9,"national",2019,2017.30769230769,76,1.51177078947287e-05,1.55505886672583e-05,1.46966740690413e-05,29.0538142813187,140.862635714286,24.4544701453846,179.874892857143
2018,1,"national",2019,2018,314,9.34124437363963e-06,9.62661603024853e-06,9.06417843425284e-06,26.2611388678572,36.5487646749908,27.0839690945055,31.3208343889954
2018,10,"national",2019,2018.34615384615,407,1.46544223232815e-05,1.50857402036662e-05,1.42352327298692e-05,28.583786335989,142.781971428571,27.6294551384616,140.862635714286
2018,11,"national",2019,2018.38461538462,499,1.72817415258542e-05,1.77972617182183e-05,1.67809200345876e-05,27.7106912994506,264.387021428571,28.6186268478022,36.5487646749908
2018,12,"national",2019,2018.42307692308,832,1.50076997855109e-05,1.54711043249092e-05,1.45579645720042e-05,27.6156307865385,215.612171428571,28.9103555398352,142.781971428571
2018,13,"national",2019,2018.46153846154,1123,2.03430263670435e-05,2.09787761571901e-05,1.97262431673434e-05,27.9733250049451,130.340707142857,27.6616325211539,264.387021428571
2018,14,"national",2019,2018.5,1665,1.69125132138696e-05,1.74580023361203e-05,1.63838390966413e-05,27.4970634607143,243.067492857143,29.9181610826923,215.612171428571
2018,15,"national",2019,2018.53846153846,1869,1.5327927624063e-05,1.58282177364001e-05,1.48432478225961e-05,27.6729618458792,233.83245,29.0538142813187,130.340707142857
2018,16,"national",2019,2018.57692307692,1770,1.51488132612202e-05,1.56459727602673e-05,1.46672304179118e-05,27.1765968851649,316.448871428571,26.2611388678572,243.067492857143
2018,17,"national",2019,2018.61538461538,1982,1.58194727901796e-05,1.63370428698981e-05,1.53180631350419e-05,27.1741602293956,226.111914285714,28.583786335989,233.83245
2018,18,"national",2019,2018.65384615385,1576,1.48857131806288e-05,1.53717013758881e-05,1.44148633607619e-05,27.4389834782967,161.358378571429,27.7106912994506,316.448871428571
2018,19,"national",2019,2018.69230769231,1672,1.34893747475206e-05,1.39233662462766e-05,1.30687194671284e-05,26.8779158368132,292.6229,27.6156307865385,226.111914285714
2018,2,"national",2019,2018.03846153846,209,9.52571134069273e-06,9.81136230565107e-06,9.24819647025638e-06,27.464897714011,45.1384618970679,27.9733250049451,161.358378571429
2018,20,"national",2019,2018.73076923077,1338,1.54840449591539e-05,1.59712642925882e-05,1.5011479687873e-05,27.515299264011,234.462807142857,27.4970634607143,292.6229
2018,21,"national",2019,2018.76923076923,1244,1.60319428752821e-05,1.65336876970573e-05,1.55452173528258e-05,28.0162418717033,144.210596948139,27.6729618458792,45.1384618970679
2018,22,"national",2019,2018.80769230769,1303,1.50113313420947e-05,1.54823234958254e-05,1.45544683702033e-05,27.7101381549451,52.7226643496545,27.1765968851649,234.462807142857
2018,23,"national",2019,2018.84615384615,1339,1.4951131292301e-05,1.54176223831956e-05,1.44985545935525e-05,28.5011107478022,46.8998082114413,27.1741602293956,144.210596948139
2018,24,"national",2019,2018.88461538462,1532,1.23006097763614e-05,1.26837440994476e-05,1.19288895394402e-05,27.62466875,94.4360980513627,27.4389834782967,52.7226643496545
2018,25,"national",2019,2018.92307692308,1251,1.18218834701481e-05,1.21838778246492e-05,1.14704941942927e-05,28.2679693857143,37.6373285206826,26.8779158368132,46.8998082114413
2018,26,"national",2019,2018.96153846154,1459,1.18988904512262e-05,1.22659010953632e-05,1.15426724614842e-05,27.9783521420513,31.8782386644607,27.464897714011,94.4360980513627
2018,3,"national",2019,2018.07692307692,171,1.04143802893246e-05,1.07213179755592e-05,1.01160200047625e-05,25.6735305112638,24.1592091000269,27.515299264011,37.6373285206826
2018,4,"national",2019,2018.11538461538,164,1.1203360137011e-05,1.15301441149052e-05,1.08856123279925e-05,27.9940071656594,24.7280700377213,28.0162418717033,31.8782386644607
2018,5,"national",2019,2018.15384615385,161,1.08689808618474e-05,1.11861953000212e-05,1.05605424653949e-05,28.7445812195055,32.4076632563034,27.7101381549451,24.1592091000269
2018,6,"national",2019,2018.19230769231,151,1.32063003105532e-05,1.35847657530428e-05,1.28381462626831e-05,28.2559564329671,67.1680777356347,28.5011107478022,24.7280700377213
2018,7,"national",2019,2018.23076923077,206,1.07355515806052e-05,1.10493357892439e-05,1.043049425487e-05,27.9799228541209,69.0898111843547,27.62466875,32.4076632563034
2018,8,"national",2019,2018.26923076923,206,1.22825847755611e-05,1.26373468669516e-05,1.19375869026132e-05,29.903197760989,42.5853136062591,28.2679693857143,67.1680777356347
2018,9,"national",2019,2018.30769230769,238,1.51177078947287e-05,1.55505886672583e-05,1.46966740690413e-05,28.5740196623627,187.300635714286,27.9783521420513,69.0898111843547
2019,1,"national",2019,2019,949,9.34124437363963e-06,9.62661603024853e-06,9.06417843425284e-06,27.9263665843407,14.5927234703396,25.6735305112638,42.5853136062591
2019,10,"national",2019,2019.34615384615,2510,1.46544223232815e-05,1.50857402036662e-05,1.42352327298692e-05,28.9025296228022,178.952628571429,27.9940071656594,187.300635714286
2019,11,"national",2019,2019.38461538462,3532,1.72817415258542e-05,1.77972617182183e-05,1.67809200345876e-05,29.0775781343407,129.104221428571,28.7445812195055,14.5927234703396
2019,12,"national",2019,2019.42307692308,5436,1.50076997855109e-05,1.54711043249092e-05,1.45579645720042e-05,28.5566246181319,194.616664285714,28.2559564329671,178.952628571429
2019,13,"national",2019,2019.46153846154,8136,2.03430263670435e-05,2.09787761571901e-05,1.97262431673434e-05,28.8080798173077,118.807164285714,27.9799228541209,129.104221428571
2019,14,"national",2019,2019.5,8764,1.69125132138696e-05,1.74580023361203e-05,1.63838390966413e-05,28.476930389011,110.663902235187,29.903197760989,194.616664285714
2019,15,"national",2019,2019.53846153846,7521,1.5327927624063e-05,1.58282177364001e-05,1.48432478225961e-05,28.1643314695055,175.007807142857,28.5740196623627,118.807164285714
2019,16,"national",2019,2019.57692307692,5519,1.51488132612202e-05,1.56459727602673e-05,1.46672304179118e-05,27.5452261423077,219.957921428571,27.9263665843407,110.663902235187
2019,17,"national",2019,2019.61538461538,3860,1.58194727901796e-05,1.63370428698981e-05,1.53180631350419e-05,28.1123934162088,176.401057142857,28.9025296228022,175.007807142857
2019,18,"national",2019,2019.65384615385,3032,1.48857131806288e-05,1.53717013758881e-05,1.44148633607619e-05,26.9247945423077,315.28345,29.0775781343407,219.957921428571
2019,19,"national",2019,2019.69230769231,2244,1.34893747475206e-05,1.39233662462766e-05,1.30687194671284e-05,26.5870352675824,455.794557142857,28.5566246181319,176.401057142857
2019,2,"national",2019,2019.03846153846,956,9.52571134069273e-06,9.81136230565107e-06,9.24819647025638e-06,27.4613242137363,9.64777864478972,28.8080798173077,315.28345
2019,20,"national",2019,2019.73076923077,1825,1.54840449591539e-05,1.59712642925882e-05,1.5011479687873e-05,27.6980285538462,131.440135714286,28.476930389011,455.794557142857
2019,21,"national",2019,2019.76923076923,1714,1.60319428752821e-05,1.65336876970573e-05,1.55452173528258e-05,27.5593107,93.7055935367828,28.1643314695055,9.64777864478972
2019,22,"national",2019,2019.80769230769,1568,1.50113313420947e-05,1.54823234958254e-05,1.45544683702033e-05,27.3576615027473,97.7876371643116,27.5452261423077,131.440135714286
2019,23,"national",2019,2019.84615384615,1129,1.4951131292301e-05,1.54176223831956e-05,1.44985545935525e-05,26.1748830777473,65.6120244793192,28.1123934162088,93.7055935367828
2019,24,"national",2019,2019.88461538462,975,1.23006097763614e-05,1.26837440994476e-05,1.19288895394402e-05,26.9110414483517,5.14466594631381,26.9247945423077,97.7876371643116
2019,25,"national",2019,2019.92307692308,695,1.18218834701481e-05,1.21838778246492e-05,1.14704941942927e-05,24.1170021774726,0.0638494494573535,26.5870352675824,65.6120244793192
2019,26,"national",2019,2019.96153846154,466,1.18988904512262e-05,1.22659010953632e-05,1.15426724614842e-05,26.6459633058974,5.3909459108398,27.4613242137363,5.14466594631381
2019,3,"national",2019,2019.07692307692,810,1.04143802893246e-05,1.07213179755592e-05,1.01160200047625e-05,29.1443828456044,5.42657846432618,27.6980285538462,0.0638494494573535
2019,4,"national",2019,2019.11538461538,886,1.1203360137011e-05,1.15301441149052e-05,1.08856123279925e-05,29.307129920055,6.92499908904209,27.5593107,5.3909459108398
2019,5,"national",2019,2019.15384615385,940,1.08689808618474e-05,1.11861953000212e-05,1.05605424653949e-05,29.5724471532967,3.20289388382617,27.3576615027473,5.42657846432618
2019,6,"national",2019,2019.19230769231,934,1.32063003105532e-05,1.35847657530428e-05,1.28381462626831e-05,30.0854808434066,76.4352590727187,26.1748830777473,6.92499908904209
2019,7,"national",2019,2019.23076923077,1036,1.07355515806052e-05,1.10493357892439e-05,1.043049425487e-05,29.1976483989011,87.2838631565723,26.9110414483517,3.20289388382617
2019,8,"national",2019,2019.26923076923,1269,1.22825847755611e-05,1.26373468669516e-05,1.19375869026132e-05,30.8525961958792,51.51886825025,24.1170021774726,76.4352590727187
2019,9,"national",2019,2019.30769230769,1891,1.51177078947287e-05,1.55505886672583e-05,1.46966740690413e-05,30.9823710354396,73.0903577388143,26.6459633058974,87.2838631565723
