"provname","year","lambda","CI","llik_FOI","llik_age","llik_sigma","llik_sigma_age","AIC_FOI","AIC_age","AIC_sigma","AIC_sigma_age"
"Banteay Meanchey",1985,0.05845,"[0-0.251]",11857,7651,11368,7143,23785,15412,22846,14434
"Banteay Meanchey",1986,0.04285,"[0-0.23]",11857,7651,11368,7143,23785,15412,22846,14434
"Banteay Meanchey",1987,0.04631,"[0-0.229]",11857,7651,11368,7143,23785,15412,22846,14434
"Banteay Meanchey",1988,0.1211,"[0-0.295]",11857,7651,11368,7143,23785,15412,22846,14434
"Banteay Meanchey",1989,0.09326,"[0-0.256]",11857,7651,11368,7143,23785,15412,22846,14434
"Banteay Meanchey",1990,0.2188,"[0.0693-0.368]",11857,7651,11368,7143,23785,15412,22846,14434
"Banteay Meanchey",1991,0.1725,"[0.0398-0.305]",11857,7651,11368,7143,23785,15412,22846,14434
"Banteay Meanchey",1992,0.2584,"[0.142-0.375]",11857,7651,11368,7143,23785,15412,22846,14434
"Banteay Meanchey",1993,0.3071,"[0.206-0.408]",11857,7651,11368,7143,23785,15412,22846,14434
"Banteay Meanchey",1994,0.3136,"[0.227-0.4]",11857,7651,11368,7143,23785,15412,22846,14434
"Banteay Meanchey",1995,0.2779,"[0.204-0.352]",11857,7651,11368,7143,23785,15412,22846,14434
"Banteay Meanchey",1996,0.3063,"[0.243-0.37]",11857,7651,11368,7143,23785,15412,22846,14434
"Banteay Meanchey",1997,0.2651,"[0.211-0.32]",11857,7651,11368,7143,23785,15412,22846,14434
"Banteay Meanchey",1998,0.2666,"[0.219-0.314]",11857,7651,11368,7143,23785,15412,22846,14434
"Banteay Meanchey",1999,0.2655,"[0.224-0.307]",11857,7651,11368,7143,23785,15412,22846,14434
"Banteay Meanchey",2000,0.2355,"[0.2-0.271]",11857,7651,11368,7143,23785,15412,22846,14434
"Banteay Meanchey",2001,0.27,"[0.24-0.3]",11857,7651,11368,7143,23785,15412,22846,14434
"Banteay Meanchey",2002,0.249,"[0.228-0.27]",11857,7651,11368,7143,23785,15412,22846,14434
"Banteay Meanchey",2003,0.2862,"[0.268-0.304]",11857,7651,11368,7143,23785,15412,22846,14434
"Banteay Meanchey",2004,0.214,"[0.193-0.234]",11857,7651,11368,7143,23785,15412,22846,14434
"Banteay Meanchey",2005,0.2639,"[0.246-0.282]",11857,7651,11368,7143,23785,15412,22846,14434
"Banteay Meanchey",2006,0.1966,"[0.181-0.213]",11857,7651,11368,7143,23785,15412,22846,14434
"Banteay Meanchey",2007,0.2627,"[0.249-0.277]",11857,7651,11368,7143,23785,15412,22846,14434
"Banteay Meanchey",2008,0.2366,"[0.221-0.252]",11857,7651,11368,7143,23785,15412,22846,14434
"Banteay Meanchey",2009,0.2248,"[0.208-0.241]",11857,7651,11368,7143,23785,15412,22846,14434
"Banteay Meanchey",2010,0.2542,"[0.24-0.268]",11857,7651,11368,7143,23785,15412,22846,14434
"Banteay Meanchey",2011,0.1675,"[0.156-0.179]",11857,7651,11368,7143,23785,15412,22846,14434
"Banteay Meanchey",2012,0.2261,"[0.216-0.236]",11857,7651,11368,7143,23785,15412,22846,14434
"Banteay Meanchey",2013,0.2115,"[0.198-0.225]",11857,7651,11368,7143,23785,15412,22846,14434
"Banteay Meanchey",2014,0.1069,"[0.0909-0.123]",11857,7651,11368,7143,23785,15412,22846,14434
"Banteay Meanchey",2015,0.2025,"[0.188-0.217]",11857,7651,11368,7143,23785,15412,22846,14434
"Banteay Meanchey",2016,0.1229,"[0.11-0.135]",11857,7651,11368,7143,23785,15412,22846,14434
"Banteay Meanchey",2017,0.114,"[0.101-0.127]",11857,7651,11368,7143,23785,15412,22846,14434
"Banteay Meanchey",2018,0.1113,"[0.0994-0.123]",11857,7651,11368,7143,23785,15412,22846,14434
"Banteay Meanchey",2019,0.2196,"[0.21-0.229]",11857,7651,11368,7143,23785,15412,22846,14434
"Banteay Meanchey",2020,0.0413,"[0.0347-0.0479]",11857,7651,11368,7143,23785,15412,22846,14434
"Battambang",1987,0.05446,"[0-0.343]",4371,2938,4252,2803,8810,5982,8610,5750
"Battambang",1988,1e-07,"[0-0.282]",4371,2938,4252,2803,8810,5982,8610,5750
"Battambang",1989,0.04267,"[0-0.318]",4371,2938,4252,2803,8810,5982,8610,5750
"Battambang",1990,1e-07,"[0-0.262]",4371,2938,4252,2803,8810,5982,8610,5750
"Battambang",1991,0.1747,"[0-0.413]",4371,2938,4252,2803,8810,5982,8610,5750
"Battambang",1992,0.2102,"[0.000336-0.42]",4371,2938,4252,2803,8810,5982,8610,5750
"Battambang",1993,0.2592,"[0.0748-0.444]",4371,2938,4252,2803,8810,5982,8610,5750
"Battambang",1994,0.1604,"[0-0.323]",4371,2938,4252,2803,8810,5982,8610,5750
"Battambang",1995,0.3244,"[0.183-0.466]",4371,2938,4252,2803,8810,5982,8610,5750
"Battambang",1996,0.2374,"[0.115-0.36]",4371,2938,4252,2803,8810,5982,8610,5750
"Battambang",1997,0.2704,"[0.163-0.378]",4371,2938,4252,2803,8810,5982,8610,5750
"Battambang",1998,0.2892,"[0.196-0.383]",4371,2938,4252,2803,8810,5982,8610,5750
"Battambang",1999,0.2917,"[0.211-0.372]",4371,2938,4252,2803,8810,5982,8610,5750
"Battambang",2000,0.2656,"[0.196-0.335]",4371,2938,4252,2803,8810,5982,8610,5750
"Battambang",2001,0.2679,"[0.208-0.327]",4371,2938,4252,2803,8810,5982,8610,5750
"Battambang",2002,0.2399,"[0.193-0.287]",4371,2938,4252,2803,8810,5982,8610,5750
"Battambang",2003,0.2338,"[0.197-0.27]",4371,2938,4252,2803,8810,5982,8610,5750
"Battambang",2004,0.2327,"[0.195-0.27]",4371,2938,4252,2803,8810,5982,8610,5750
"Battambang",2005,0.2685,"[0.237-0.3]",4371,2938,4252,2803,8810,5982,8610,5750
"Battambang",2006,0.2744,"[0.245-0.303]",4371,2938,4252,2803,8810,5982,8610,5750
"Battambang",2007,0.2795,"[0.256-0.303]",4371,2938,4252,2803,8810,5982,8610,5750
"Battambang",2008,0.2335,"[0.208-0.259]",4371,2938,4252,2803,8810,5982,8610,5750
"Battambang",2009,0.2122,"[0.187-0.237]",4371,2938,4252,2803,8810,5982,8610,5750
"Battambang",2010,0.1884,"[0.166-0.21]",4371,2938,4252,2803,8810,5982,8610,5750
"Battambang",2011,0.2074,"[0.188-0.227]",4371,2938,4252,2803,8810,5982,8610,5750
"Battambang",2012,0.2153,"[0.2-0.231]",4371,2938,4252,2803,8810,5982,8610,5750
"Battambang",2013,0.1801,"[0.162-0.198]",4371,2938,4252,2803,8810,5982,8610,5750
"Battambang",2014,0.09262,"[0.0715-0.114]",4371,2938,4252,2803,8810,5982,8610,5750
"Battambang",2015,0.1566,"[0.138-0.175]",4371,2938,4252,2803,8810,5982,8610,5750
"Battambang",2016,0.1354,"[0.118-0.153]",4371,2938,4252,2803,8810,5982,8610,5750
"Battambang",2017,0.1042,"[0.0875-0.121]",4371,2938,4252,2803,8810,5982,8610,5750
"Battambang",2018,0.1168,"[0.101-0.132]",4371,2938,4252,2803,8810,5982,8610,5750
"Battambang",2019,0.2266,"[0.215-0.238]",4371,2938,4252,2803,8810,5982,8610,5750
"Battambang",2020,0.07483,"[0.0624-0.0872]",4371,2938,4252,2803,8810,5982,8610,5750
"Kampong Cham",1988,0.03228,"[0-0.236]",6870,3927,6818,3855,13806,7957,13741,7852
"Kampong Cham",1989,0.2227,"[0.035-0.41]",6870,3927,6818,3855,13806,7957,13741,7852
"Kampong Cham",1990,0.3927,"[0.231-0.555]",6870,3927,6818,3855,13806,7957,13741,7852
"Kampong Cham",1991,0.4223,"[0.29-0.555]",6870,3927,6818,3855,13806,7957,13741,7852
"Kampong Cham",1992,0.3867,"[0.279-0.495]",6870,3927,6818,3855,13806,7957,13741,7852
"Kampong Cham",1993,0.405,"[0.316-0.494]",6870,3927,6818,3855,13806,7957,13741,7852
"Kampong Cham",1994,0.4553,"[0.384-0.527]",6870,3927,6818,3855,13806,7957,13741,7852
"Kampong Cham",1995,0.3891,"[0.332-0.447]",6870,3927,6818,3855,13806,7957,13741,7852
"Kampong Cham",1996,0.3394,"[0.292-0.387]",6870,3927,6818,3855,13806,7957,13741,7852
"Kampong Cham",1997,0.301,"[0.261-0.341]",6870,3927,6818,3855,13806,7957,13741,7852
"Kampong Cham",1998,0.2698,"[0.235-0.304]",6870,3927,6818,3855,13806,7957,13741,7852
"Kampong Cham",1999,0.2773,"[0.248-0.307]",6870,3927,6818,3855,13806,7957,13741,7852
"Kampong Cham",2000,0.2366,"[0.211-0.262]",6870,3927,6818,3855,13806,7957,13741,7852
"Kampong Cham",2001,0.235,"[0.214-0.256]",6870,3927,6818,3855,13806,7957,13741,7852
"Kampong Cham",2002,0.2534,"[0.238-0.269]",6870,3927,6818,3855,13806,7957,13741,7852
"Kampong Cham",2003,0.2505,"[0.238-0.263]",6870,3927,6818,3855,13806,7957,13741,7852
"Kampong Cham",2004,0.246,"[0.234-0.258]",6870,3927,6818,3855,13806,7957,13741,7852
"Kampong Cham",2005,0.265,"[0.253-0.277]",6870,3927,6818,3855,13806,7957,13741,7852
"Kampong Cham",2006,0.241,"[0.23-0.252]",6870,3927,6818,3855,13806,7957,13741,7852
"Kampong Cham",2007,0.2499,"[0.241-0.259]",6870,3927,6818,3855,13806,7957,13741,7852
"Kampong Cham",2008,0.2092,"[0.197-0.221]",6870,3927,6818,3855,13806,7957,13741,7852
"Kampong Cham",2009,0.226,"[0.214-0.239]",6870,3927,6818,3855,13806,7957,13741,7852
"Kampong Cham",2010,0.2247,"[0.214-0.236]",6870,3927,6818,3855,13806,7957,13741,7852
"Kampong Cham",2011,0.16,"[0.149-0.171]",6870,3927,6818,3855,13806,7957,13741,7852
"Kampong Cham",2012,0.2037,"[0.194-0.214]",6870,3927,6818,3855,13806,7957,13741,7852
"Kampong Cham",2013,0.1976,"[0.187-0.208]",6870,3927,6818,3855,13806,7957,13741,7852
"Kampong Cham",2014,0.1266,"[0.113-0.14]",6870,3927,6818,3855,13806,7957,13741,7852
"Kampong Cham",2015,0.1498,"[0.137-0.162]",6870,3927,6818,3855,13806,7957,13741,7852
"Kampong Cham",2016,0.135,"[0.122-0.148]",6870,3927,6818,3855,13806,7957,13741,7852
"Kampong Cham",2017,0.07815,"[0.0627-0.0936]",6870,3927,6818,3855,13806,7957,13741,7852
"Kampong Cham",2018,0.1765,"[0.161-0.192]",6870,3927,6818,3855,13806,7957,13741,7852
"Kampong Cham",2019,0.2506,"[0.239-0.262]",6870,3927,6818,3855,13806,7957,13741,7852
"Kampong Cham",2020,0.1184,"[0.102-0.135]",6870,3927,6818,3855,13806,7957,13741,7852
"Kampong Chhnang",1988,1e-07,"[0-0.374]",3538,2435,3522,2407,7142,4974,7148,4956
"Kampong Chhnang",1989,1e-07,"[0-0.348]",3538,2435,3522,2407,7142,4974,7148,4956
"Kampong Chhnang",1990,1e-07,"[0-0.312]",3538,2435,3522,2407,7142,4974,7148,4956
"Kampong Chhnang",1991,1e-07,"[0-0.26]",3538,2435,3522,2407,7142,4974,7148,4956
"Kampong Chhnang",1992,0.1954,"[0-0.426]",3538,2435,3522,2407,7142,4974,7148,4956
"Kampong Chhnang",1993,0.4569,"[0.262-0.652]",3538,2435,3522,2407,7142,4974,7148,4956
"Kampong Chhnang",1994,0.3739,"[0.216-0.532]",3538,2435,3522,2407,7142,4974,7148,4956
"Kampong Chhnang",1995,0.3424,"[0.211-0.474]",3538,2435,3522,2407,7142,4974,7148,4956
"Kampong Chhnang",1996,0.2571,"[0.146-0.368]",3538,2435,3522,2407,7142,4974,7148,4956
"Kampong Chhnang",1997,0.2973,"[0.202-0.393]",3538,2435,3522,2407,7142,4974,7148,4956
"Kampong Chhnang",1998,0.2633,"[0.181-0.346]",3538,2435,3522,2407,7142,4974,7148,4956
"Kampong Chhnang",1999,0.2979,"[0.227-0.369]",3538,2435,3522,2407,7142,4974,7148,4956
"Kampong Chhnang",2000,0.2523,"[0.192-0.313]",3538,2435,3522,2407,7142,4974,7148,4956
"Kampong Chhnang",2001,0.2663,"[0.215-0.317]",3538,2435,3522,2407,7142,4974,7148,4956
"Kampong Chhnang",2002,0.2074,"[0.17-0.245]",3538,2435,3522,2407,7142,4974,7148,4956
"Kampong Chhnang",2003,0.2113,"[0.177-0.246]",3538,2435,3522,2407,7142,4974,7148,4956
"Kampong Chhnang",2004,0.258,"[0.226-0.29]",3538,2435,3522,2407,7142,4974,7148,4956
"Kampong Chhnang",2005,0.2891,"[0.257-0.321]",3538,2435,3522,2407,7142,4974,7148,4956
"Kampong Chhnang",2006,0.2882,"[0.263-0.313]",3538,2435,3522,2407,7142,4974,7148,4956
"Kampong Chhnang",2007,0.2617,"[0.238-0.285]",3538,2435,3522,2407,7142,4974,7148,4956
"Kampong Chhnang",2008,0.217,"[0.19-0.244]",3538,2435,3522,2407,7142,4974,7148,4956
"Kampong Chhnang",2009,0.1425,"[0.118-0.167]",3538,2435,3522,2407,7142,4974,7148,4956
"Kampong Chhnang",2010,0.285,"[0.262-0.308]",3538,2435,3522,2407,7142,4974,7148,4956
"Kampong Chhnang",2011,0.2652,"[0.241-0.29]",3538,2435,3522,2407,7142,4974,7148,4956
"Kampong Chhnang",2012,0.2219,"[0.202-0.242]",3538,2435,3522,2407,7142,4974,7148,4956
"Kampong Chhnang",2013,0.1699,"[0.151-0.188]",3538,2435,3522,2407,7142,4974,7148,4956
"Kampong Chhnang",2014,0.1099,"[0.0874-0.132]",3538,2435,3522,2407,7142,4974,7148,4956
"Kampong Chhnang",2015,0.1499,"[0.13-0.17]",3538,2435,3522,2407,7142,4974,7148,4956
"Kampong Chhnang",2016,0.1365,"[0.118-0.155]",3538,2435,3522,2407,7142,4974,7148,4956
"Kampong Chhnang",2017,0.05739,"[0.0382-0.0766]",3538,2435,3522,2407,7142,4974,7148,4956
"Kampong Chhnang",2018,0.1621,"[0.144-0.18]",3538,2435,3522,2407,7142,4974,7148,4956
"Kampong Chhnang",2019,0.2386,"[0.225-0.253]",3538,2435,3522,2407,7142,4974,7148,4956
"Kampong Chhnang",2020,0.1139,"[0.0963-0.132]",3538,2435,3522,2407,7142,4974,7148,4956
"Kampong Speu",1988,0.001486,"[0-0.41]",4820,3348,4700,3214,9706,6800,9504,6570
"Kampong Speu",1989,0.149,"[0-0.518]",4820,3348,4700,3214,9706,6800,9504,6570
"Kampong Speu",1990,0.3757,"[0.0605-0.691]",4820,3348,4700,3214,9706,6800,9504,6570
"Kampong Speu",1991,0.4391,"[0.181-0.697]",4820,3348,4700,3214,9706,6800,9504,6570
"Kampong Speu",1992,0.4361,"[0.229-0.643]",4820,3348,4700,3214,9706,6800,9504,6570
"Kampong Speu",1993,0.4083,"[0.242-0.575]",4820,3348,4700,3214,9706,6800,9504,6570
"Kampong Speu",1994,0.4451,"[0.311-0.579]",4820,3348,4700,3214,9706,6800,9504,6570
"Kampong Speu",1995,0.2782,"[0.17-0.387]",4820,3348,4700,3214,9706,6800,9504,6570
"Kampong Speu",1996,0.361,"[0.271-0.451]",4820,3348,4700,3214,9706,6800,9504,6570
"Kampong Speu",1997,0.3283,"[0.253-0.403]",4820,3348,4700,3214,9706,6800,9504,6570
"Kampong Speu",1998,0.3199,"[0.256-0.383]",4820,3348,4700,3214,9706,6800,9504,6570
"Kampong Speu",1999,0.2904,"[0.237-0.344]",4820,3348,4700,3214,9706,6800,9504,6570
"Kampong Speu",2000,0.2391,"[0.193-0.285]",4820,3348,4700,3214,9706,6800,9504,6570
"Kampong Speu",2001,0.2632,"[0.225-0.301]",4820,3348,4700,3214,9706,6800,9504,6570
"Kampong Speu",2002,0.2318,"[0.206-0.257]",4820,3348,4700,3214,9706,6800,9504,6570
"Kampong Speu",2003,0.3188,"[0.293-0.345]",4820,3348,4700,3214,9706,6800,9504,6570
"Kampong Speu",2004,0.2968,"[0.273-0.321]",4820,3348,4700,3214,9706,6800,9504,6570
"Kampong Speu",2005,0.2945,"[0.273-0.316]",4820,3348,4700,3214,9706,6800,9504,6570
"Kampong Speu",2006,0.2661,"[0.247-0.285]",4820,3348,4700,3214,9706,6800,9504,6570
"Kampong Speu",2007,0.2604,"[0.246-0.275]",4820,3348,4700,3214,9706,6800,9504,6570
"Kampong Speu",2008,0.311,"[0.289-0.333]",4820,3348,4700,3214,9706,6800,9504,6570
"Kampong Speu",2009,0.2652,"[0.244-0.286]",4820,3348,4700,3214,9706,6800,9504,6570
"Kampong Speu",2010,0.2964,"[0.278-0.315]",4820,3348,4700,3214,9706,6800,9504,6570
"Kampong Speu",2011,0.2069,"[0.19-0.223]",4820,3348,4700,3214,9706,6800,9504,6570
"Kampong Speu",2012,0.2352,"[0.222-0.249]",4820,3348,4700,3214,9706,6800,9504,6570
"Kampong Speu",2013,0.1627,"[0.147-0.178]",4820,3348,4700,3214,9706,6800,9504,6570
"Kampong Speu",2014,0.1241,"[0.105-0.144]",4820,3348,4700,3214,9706,6800,9504,6570
"Kampong Speu",2015,0.1327,"[0.114-0.152]",4820,3348,4700,3214,9706,6800,9504,6570
"Kampong Speu",2016,0.1268,"[0.109-0.145]",4820,3348,4700,3214,9706,6800,9504,6570
"Kampong Speu",2017,0.1156,"[0.0977-0.133]",4820,3348,4700,3214,9706,6800,9504,6570
"Kampong Speu",2018,0.1767,"[0.16-0.194]",4820,3348,4700,3214,9706,6800,9504,6570
"Kampong Speu",2019,0.2606,"[0.247-0.274]",4820,3348,4700,3214,9706,6800,9504,6570
"Kampong Speu",2020,0.09331,"[0.0796-0.107]",4820,3348,4700,3214,9706,6800,9504,6570
"Kampong Thom",1984,0.06217,"[0-0.42]",6894,4041,6894,4023,13861,8195,13899,8197
"Kampong Thom",1985,8.496e-05,"[0-0.352]",6894,4041,6894,4023,13861,8195,13899,8197
"Kampong Thom",1986,1e-07,"[0-0.352]",6894,4041,6894,4023,13861,8195,13899,8197
"Kampong Thom",1987,1e-07,"[0-0.352]",6894,4041,6894,4023,13861,8195,13899,8197
"Kampong Thom",1988,1e-07,"[0-0.323]",6894,4041,6894,4023,13861,8195,13899,8197
"Kampong Thom",1989,1e-07,"[0-0.279]",6894,4041,6894,4023,13861,8195,13899,8197
"Kampong Thom",1990,1e-07,"[0-0.253]",6894,4041,6894,4023,13861,8195,13899,8197
"Kampong Thom",1991,0.3511,"[0.13-0.572]",6894,4041,6894,4023,13861,8195,13899,8197
"Kampong Thom",1992,0.2555,"[0.0675-0.444]",6894,4041,6894,4023,13861,8195,13899,8197
"Kampong Thom",1993,0.3948,"[0.235-0.555]",6894,4041,6894,4023,13861,8195,13899,8197
"Kampong Thom",1994,0.452,"[0.322-0.582]",6894,4041,6894,4023,13861,8195,13899,8197
"Kampong Thom",1995,0.4346,"[0.331-0.538]",6894,4041,6894,4023,13861,8195,13899,8197
"Kampong Thom",1996,0.3588,"[0.274-0.443]",6894,4041,6894,4023,13861,8195,13899,8197
"Kampong Thom",1997,0.3207,"[0.25-0.392]",6894,4041,6894,4023,13861,8195,13899,8197
"Kampong Thom",1998,0.3037,"[0.243-0.364]",6894,4041,6894,4023,13861,8195,13899,8197
"Kampong Thom",1999,0.3066,"[0.255-0.358]",6894,4041,6894,4023,13861,8195,13899,8197
"Kampong Thom",2000,0.2585,"[0.215-0.302]",6894,4041,6894,4023,13861,8195,13899,8197
"Kampong Thom",2001,0.2678,"[0.231-0.305]",6894,4041,6894,4023,13861,8195,13899,8197
"Kampong Thom",2002,0.2511,"[0.224-0.279]",6894,4041,6894,4023,13861,8195,13899,8197
"Kampong Thom",2003,0.2576,"[0.235-0.28]",6894,4041,6894,4023,13861,8195,13899,8197
"Kampong Thom",2004,0.2227,"[0.2-0.245]",6894,4041,6894,4023,13861,8195,13899,8197
"Kampong Thom",2005,0.2717,"[0.251-0.293]",6894,4041,6894,4023,13861,8195,13899,8197
"Kampong Thom",2006,0.2885,"[0.272-0.305]",6894,4041,6894,4023,13861,8195,13899,8197
"Kampong Thom",2007,0.2879,"[0.273-0.303]",6894,4041,6894,4023,13861,8195,13899,8197
"Kampong Thom",2008,0.3194,"[0.301-0.338]",6894,4041,6894,4023,13861,8195,13899,8197
"Kampong Thom",2009,0.1899,"[0.17-0.209]",6894,4041,6894,4023,13861,8195,13899,8197
"Kampong Thom",2010,0.2584,"[0.24-0.277]",6894,4041,6894,4023,13861,8195,13899,8197
"Kampong Thom",2011,0.2137,"[0.2-0.228]",6894,4041,6894,4023,13861,8195,13899,8197
"Kampong Thom",2012,0.2395,"[0.226-0.253]",6894,4041,6894,4023,13861,8195,13899,8197
"Kampong Thom",2013,0.217,"[0.203-0.231]",6894,4041,6894,4023,13861,8195,13899,8197
"Kampong Thom",2014,0.116,"[0.0996-0.132]",6894,4041,6894,4023,13861,8195,13899,8197
"Kampong Thom",2015,0.1278,"[0.114-0.142]",6894,4041,6894,4023,13861,8195,13899,8197
"Kampong Thom",2016,0.1748,"[0.162-0.187]",6894,4041,6894,4023,13861,8195,13899,8197
"Kampong Thom",2017,0.1332,"[0.119-0.148]",6894,4041,6894,4023,13861,8195,13899,8197
"Kampong Thom",2018,0.1204,"[0.107-0.134]",6894,4041,6894,4023,13861,8195,13899,8197
"Kampong Thom",2019,0.2511,"[0.241-0.261]",6894,4041,6894,4023,13861,8195,13899,8197
"Kampong Thom",2020,0.128,"[0.111-0.145]",6894,4041,6894,4023,13861,8195,13899,8197
"Kampot",1983,1e-07,"[0-0.583]",2517,1799,2528,1807,5111,3712,5170,3765
"Kampot",1984,1e-07,"[0-0.581]",2517,1799,2528,1807,5111,3712,5170,3765
"Kampot",1985,1e-07,"[0-0.52]",2517,1799,2528,1807,5111,3712,5170,3765
"Kampot",1986,1e-07,"[0-0.452]",2517,1799,2528,1807,5111,3712,5170,3765
"Kampot",1987,1e-07,"[0-0.452]",2517,1799,2528,1807,5111,3712,5170,3765
"Kampot",1988,0.1432,"[0-0.58]",2517,1799,2528,1807,5111,3712,5170,3765
"Kampot",1989,0.1985,"[0-0.584]",2517,1799,2528,1807,5111,3712,5170,3765
"Kampot",1990,0.3949,"[0.0835-0.706]",2517,1799,2528,1807,5111,3712,5170,3765
"Kampot",1991,0.3732,"[0.124-0.623]",2517,1799,2528,1807,5111,3712,5170,3765
"Kampot",1992,0.2281,"[0.0165-0.44]",2517,1799,2528,1807,5111,3712,5170,3765
"Kampot",1993,0.2554,"[0.0708-0.44]",2517,1799,2528,1807,5111,3712,5170,3765
"Kampot",1994,0.3858,"[0.229-0.542]",2517,1799,2528,1807,5111,3712,5170,3765
"Kampot",1995,0.3122,"[0.182-0.443]",2517,1799,2528,1807,5111,3712,5170,3765
"Kampot",1996,0.2919,"[0.18-0.403]",2517,1799,2528,1807,5111,3712,5170,3765
"Kampot",1997,0.2807,"[0.185-0.377]",2517,1799,2528,1807,5111,3712,5170,3765
"Kampot",1998,0.2535,"[0.17-0.337]",2517,1799,2528,1807,5111,3712,5170,3765
"Kampot",1999,0.1909,"[0.117-0.264]",2517,1799,2528,1807,5111,3712,5170,3765
"Kampot",2000,0.2001,"[0.135-0.265]",2517,1799,2528,1807,5111,3712,5170,3765
"Kampot",2001,0.2047,"[0.151-0.259]",2517,1799,2528,1807,5111,3712,5170,3765
"Kampot",2002,0.159,"[0.122-0.196]",2517,1799,2528,1807,5111,3712,5170,3765
"Kampot",2003,0.3033,"[0.265-0.342]",2517,1799,2528,1807,5111,3712,5170,3765
"Kampot",2004,0.2436,"[0.209-0.279]",2517,1799,2528,1807,5111,3712,5170,3765
"Kampot",2005,0.2003,"[0.168-0.232]",2517,1799,2528,1807,5111,3712,5170,3765
"Kampot",2006,0.2117,"[0.179-0.244]",2517,1799,2528,1807,5111,3712,5170,3765
"Kampot",2007,0.2394,"[0.215-0.264]",2517,1799,2528,1807,5111,3712,5170,3765
"Kampot",2008,0.1933,"[0.162-0.225]",2517,1799,2528,1807,5111,3712,5170,3765
"Kampot",2009,0.1584,"[0.127-0.19]",2517,1799,2528,1807,5111,3712,5170,3765
"Kampot",2010,0.2079,"[0.183-0.233]",2517,1799,2528,1807,5111,3712,5170,3765
"Kampot",2011,0.209,"[0.178-0.24]",2517,1799,2528,1807,5111,3712,5170,3765
"Kampot",2012,0.1992,"[0.173-0.225]",2517,1799,2528,1807,5111,3712,5170,3765
"Kampot",2013,0.1923,"[0.168-0.217]",2517,1799,2528,1807,5111,3712,5170,3765
"Kampot",2014,0.1182,"[0.091-0.145]",2517,1799,2528,1807,5111,3712,5170,3765
"Kampot",2015,0.1277,"[0.0981-0.157]",2517,1799,2528,1807,5111,3712,5170,3765
"Kampot",2016,0.1363,"[0.107-0.166]",2517,1799,2528,1807,5111,3712,5170,3765
"Kampot",2017,0.05637,"[0.0289-0.0838]",2517,1799,2528,1807,5111,3712,5170,3765
"Kampot",2018,0.1748,"[0.15-0.199]",2517,1799,2528,1807,5111,3712,5170,3765
"Kampot",2019,0.1848,"[0.167-0.202]",2517,1799,2528,1807,5111,3712,5170,3765
"Kampot",2020,0.5066,"[0.463-0.55]",2517,1799,2528,1807,5111,3712,5170,3765
"Kandal",1987,0.1072,"[0-0.451]",11439,6897,11429,6849,22946,13900,22965,13842
"Kandal",1988,0.09037,"[0-0.411]",11439,6897,11429,6849,22946,13900,22965,13842
"Kandal",1989,0.1961,"[0-0.486]",11439,6897,11429,6849,22946,13900,22965,13842
"Kandal",1990,0.6585,"[0.429-0.888]",11439,6897,11429,6849,22946,13900,22965,13842
"Kandal",1991,0.6208,"[0.458-0.784]",11439,6897,11429,6849,22946,13900,22965,13842
"Kandal",1992,0.4713,"[0.349-0.594]",11439,6897,11429,6849,22946,13900,22965,13842
"Kandal",1993,0.5239,"[0.429-0.619]",11439,6897,11429,6849,22946,13900,22965,13842
"Kandal",1994,0.4574,"[0.384-0.531]",11439,6897,11429,6849,22946,13900,22965,13842
"Kandal",1995,0.4147,"[0.356-0.473]",11439,6897,11429,6849,22946,13900,22965,13842
"Kandal",1996,0.3629,"[0.315-0.411]",11439,6897,11429,6849,22946,13900,22965,13842
"Kandal",1997,0.3377,"[0.298-0.378]",11439,6897,11429,6849,22946,13900,22965,13842
"Kandal",1998,0.2791,"[0.245-0.313]",11439,6897,11429,6849,22946,13900,22965,13842
"Kandal",1999,0.2629,"[0.234-0.292]",11439,6897,11429,6849,22946,13900,22965,13842
"Kandal",2000,0.2322,"[0.207-0.257]",11439,6897,11429,6849,22946,13900,22965,13842
"Kandal",2001,0.2461,"[0.225-0.267]",11439,6897,11429,6849,22946,13900,22965,13842
"Kandal",2002,0.1358,"[0.122-0.15]",11439,6897,11429,6849,22946,13900,22965,13842
"Kandal",2003,0.2881,"[0.273-0.303]",11439,6897,11429,6849,22946,13900,22965,13842
"Kandal",2004,0.2937,"[0.279-0.308]",11439,6897,11429,6849,22946,13900,22965,13842
"Kandal",2005,0.2797,"[0.266-0.293]",11439,6897,11429,6849,22946,13900,22965,13842
"Kandal",2006,0.2744,"[0.264-0.285]",11439,6897,11429,6849,22946,13900,22965,13842
"Kandal",2007,0.2588,"[0.249-0.268]",11439,6897,11429,6849,22946,13900,22965,13842
"Kandal",2008,0.2291,"[0.217-0.242]",11439,6897,11429,6849,22946,13900,22965,13842
"Kandal",2009,0.2062,"[0.194-0.218]",11439,6897,11429,6849,22946,13900,22965,13842
"Kandal",2010,0.3166,"[0.305-0.328]",11439,6897,11429,6849,22946,13900,22965,13842
"Kandal",2011,0.1694,"[0.159-0.18]",11439,6897,11429,6849,22946,13900,22965,13842
"Kandal",2012,0.2081,"[0.199-0.217]",11439,6897,11429,6849,22946,13900,22965,13842
"Kandal",2013,0.1556,"[0.145-0.166]",11439,6897,11429,6849,22946,13900,22965,13842
"Kandal",2014,0.1003,"[0.088-0.113]",11439,6897,11429,6849,22946,13900,22965,13842
"Kandal",2015,0.1434,"[0.132-0.155]",11439,6897,11429,6849,22946,13900,22965,13842
"Kandal",2016,0.1302,"[0.119-0.141]",11439,6897,11429,6849,22946,13900,22965,13842
"Kandal",2017,0.09191,"[0.0809-0.103]",11439,6897,11429,6849,22946,13900,22965,13842
"Kandal",2018,0.1863,"[0.176-0.196]",11439,6897,11429,6849,22946,13900,22965,13842
"Kandal",2019,0.214,"[0.206-0.222]",11439,6897,11429,6849,22946,13900,22965,13842
"Kandal",2020,0.2601,"[0.246-0.274]",11439,6897,11429,6849,22946,13900,22965,13842
"Kep",1988,0.1909,"[0-1.06]",602,552,604,553,1269,1209,1312,1248
"Kep",1989,1e-07,"[0-0.817]",602,552,604,553,1269,1209,1312,1248
"Kep",1990,0.4815,"[0-1.21]",602,552,604,553,1269,1209,1312,1248
"Kep",1991,0.2563,"[0-0.845]",602,552,604,553,1269,1209,1312,1248
"Kep",1992,1e-07,"[0-0.52]",602,552,604,553,1269,1209,1312,1248
"Kep",1993,1e-07,"[0-0.463]",602,552,604,553,1269,1209,1312,1248
"Kep",1994,0.2179,"[0-0.624]",602,552,604,553,1269,1209,1312,1248
"Kep",1995,0.2723,"[0-0.627]",602,552,604,553,1269,1209,1312,1248
"Kep",1996,0.1967,"[0-0.505]",602,552,604,553,1269,1209,1312,1248
"Kep",1997,0.2768,"[0.00644-0.547]",602,552,604,553,1269,1209,1312,1248
"Kep",1998,0.09064,"[0-0.331]",602,552,604,553,1269,1209,1312,1248
"Kep",1999,0.2823,"[0.0679-0.497]",602,552,604,553,1269,1209,1312,1248
"Kep",2000,0.2063,"[0.0209-0.392]",602,552,604,553,1269,1209,1312,1248
"Kep",2001,0.1366,"[0-0.3]",602,552,604,553,1269,1209,1312,1248
"Kep",2002,0.372,"[0.258-0.486]",602,552,604,553,1269,1209,1312,1248
"Kep",2003,0.1015,"[0.00649-0.196]",602,552,604,553,1269,1209,1312,1248
"Kep",2004,0.0779,"[0-0.216]",602,552,604,553,1269,1209,1312,1248
"Kep",2005,0.2066,"[0.0689-0.344]",602,552,604,553,1269,1209,1312,1248
"Kep",2006,0.1151,"[0-0.241]",602,552,604,553,1269,1209,1312,1248
"Kep",2007,0.3017,"[0.205-0.399]",602,552,604,553,1269,1209,1312,1248
"Kep",2008,1e-07,"[0-0.109]",602,552,604,553,1269,1209,1312,1248
"Kep",2009,0.07362,"[0-0.2]",602,552,604,553,1269,1209,1312,1248
"Kep",2010,0.2536,"[0.158-0.349]",602,552,604,553,1269,1209,1312,1248
"Kep",2011,0.1228,"[0.0256-0.22]",602,552,604,553,1269,1209,1312,1248
"Kep",2012,0.1235,"[0.0289-0.218]",602,552,604,553,1269,1209,1312,1248
"Kep",2013,0.1337,"[0.0436-0.224]",602,552,604,553,1269,1209,1312,1248
"Kep",2014,1e-07,"[0-0.108]",602,552,604,553,1269,1209,1312,1248
"Kep",2015,0.1366,"[0.0229-0.25]",602,552,604,553,1269,1209,1312,1248
"Kep",2016,0.1697,"[0.0752-0.264]",602,552,604,553,1269,1209,1312,1248
"Kep",2017,0.07583,"[0.00923-0.142]",602,552,604,553,1269,1209,1312,1248
"Kep",2018,0.1064,"[0.0387-0.174]",602,552,604,553,1269,1209,1312,1248
"Kep",2019,0.1048,"[0.0605-0.149]",602,552,604,553,1269,1209,1312,1248
"Kep",2020,0.03363,"[0-0.164]",602,552,604,553,1269,1209,1312,1248
"Koh Kong",1990,1e-07,"[0-0.905]",1135,1073,1141,1079,2331,2246,2383,2296
"Koh Kong",1991,0.4327,"[0-1.12]",1135,1073,1141,1079,2331,2246,2383,2296
"Koh Kong",1992,0.1133,"[0-0.679]",1135,1073,1141,1079,2331,2246,2383,2296
"Koh Kong",1993,0.1093,"[0-0.602]",1135,1073,1141,1079,2331,2246,2383,2296
"Koh Kong",1994,0.2339,"[0-0.667]",1135,1073,1141,1079,2331,2246,2383,2296
"Koh Kong",1995,0.2828,"[0-0.654]",1135,1073,1141,1079,2331,2246,2383,2296
"Koh Kong",1996,0.2515,"[0-0.568]",1135,1073,1141,1079,2331,2246,2383,2296
"Koh Kong",1997,0.3203,"[0.0513-0.589]",1135,1073,1141,1079,2331,2246,2383,2296
"Koh Kong",1998,0.2804,"[0.0524-0.508]",1135,1073,1141,1079,2331,2246,2383,2296
"Koh Kong",1999,0.2082,"[0.0106-0.406]",1135,1073,1141,1079,2331,2246,2383,2296
"Koh Kong",2000,0.2559,"[0.084-0.428]",1135,1073,1141,1079,2331,2246,2383,2296
"Koh Kong",2001,0.2501,"[0.109-0.391]",1135,1073,1141,1079,2331,2246,2383,2296
"Koh Kong",2002,0.1812,"[0.0811-0.281]",1135,1073,1141,1079,2331,2246,2383,2296
"Koh Kong",2003,0.2577,"[0.165-0.351]",1135,1073,1141,1079,2331,2246,2383,2296
"Koh Kong",2004,0.2118,"[0.121-0.302]",1135,1073,1141,1079,2331,2246,2383,2296
"Koh Kong",2005,0.2948,"[0.221-0.368]",1135,1073,1141,1079,2331,2246,2383,2296
"Koh Kong",2006,0.1804,"[0.11-0.251]",1135,1073,1141,1079,2331,2246,2383,2296
"Koh Kong",2007,0.2562,"[0.194-0.318]",1135,1073,1141,1079,2331,2246,2383,2296
"Koh Kong",2008,0.1768,"[0.108-0.246]",1135,1073,1141,1079,2331,2246,2383,2296
"Koh Kong",2009,0.2514,"[0.184-0.319]",1135,1073,1141,1079,2331,2246,2383,2296
"Koh Kong",2010,0.3182,"[0.259-0.378]",1135,1073,1141,1079,2331,2246,2383,2296
"Koh Kong",2011,0.1183,"[0.0586-0.178]",1135,1073,1141,1079,2331,2246,2383,2296
"Koh Kong",2012,0.2812,"[0.228-0.335]",1135,1073,1141,1079,2331,2246,2383,2296
"Koh Kong",2013,0.1828,"[0.141-0.225]",1135,1073,1141,1079,2331,2246,2383,2296
"Koh Kong",2014,1e-07,"[0-0.0779]",1135,1073,1141,1079,2331,2246,2383,2296
"Koh Kong",2015,0.1911,"[0.107-0.275]",1135,1073,1141,1079,2331,2246,2383,2296
"Koh Kong",2016,0.05859,"[0-0.133]",1135,1073,1141,1079,2331,2246,2383,2296
"Koh Kong",2017,0.1712,"[0.106-0.236]",1135,1073,1141,1079,2331,2246,2383,2296
"Koh Kong",2018,0.1651,"[0.115-0.215]",1135,1073,1141,1079,2331,2246,2383,2296
"Koh Kong",2019,0.2272,"[0.191-0.264]",1135,1073,1141,1079,2331,2246,2383,2296
"Koh Kong",2020,0.5216,"[0.445-0.598]",1135,1073,1141,1079,2331,2246,2383,2296
"Kratie",1984,0.1793,"[0-0.766]",2262,1901,2214,1851,4598,3914,4539,3851
"Kratie",1985,0.07813,"[0-0.626]",2262,1901,2214,1851,4598,3914,4539,3851
"Kratie",1986,0.03924,"[0-0.57]",2262,1901,2214,1851,4598,3914,4539,3851
"Kratie",1987,0.1048,"[0-0.613]",2262,1901,2214,1851,4598,3914,4539,3851
"Kratie",1988,0.01253,"[0-0.501]",2262,1901,2214,1851,4598,3914,4539,3851
"Kratie",1989,1e-07,"[0-0.466]",2262,1901,2214,1851,4598,3914,4539,3851
"Kratie",1990,1e-07,"[0-0.422]",2262,1901,2214,1851,4598,3914,4539,3851
"Kratie",1991,0.2295,"[0-0.606]",2262,1901,2214,1851,4598,3914,4539,3851
"Kratie",1992,0.3358,"[0.0106-0.661]",2262,1901,2214,1851,4598,3914,4539,3851
"Kratie",1993,0.2765,"[0-0.553]",2262,1901,2214,1851,4598,3914,4539,3851
"Kratie",1994,0.206,"[0-0.449]",2262,1901,2214,1851,4598,3914,4539,3851
"Kratie",1995,0.2221,"[0.00723-0.437]",2262,1901,2214,1851,4598,3914,4539,3851
"Kratie",1996,0.326,"[0.143-0.509]",2262,1901,2214,1851,4598,3914,4539,3851
"Kratie",1997,0.2179,"[0.0604-0.375]",2262,1901,2214,1851,4598,3914,4539,3851
"Kratie",1998,0.2474,"[0.108-0.386]",2262,1901,2214,1851,4598,3914,4539,3851
"Kratie",1999,0.2551,"[0.134-0.376]",2262,1901,2214,1851,4598,3914,4539,3851
"Kratie",2000,0.1843,"[0.0783-0.29]",2262,1901,2214,1851,4598,3914,4539,3851
"Kratie",2001,0.2475,"[0.157-0.338]",2262,1901,2214,1851,4598,3914,4539,3851
"Kratie",2002,0.4007,"[0.34-0.461]",2262,1901,2214,1851,4598,3914,4539,3851
"Kratie",2003,0.4051,"[0.355-0.455]",2262,1901,2214,1851,4598,3914,4539,3851
"Kratie",2004,0.156,"[0.108-0.204]",2262,1901,2214,1851,4598,3914,4539,3851
"Kratie",2005,0.1706,"[0.117-0.224]",2262,1901,2214,1851,4598,3914,4539,3851
"Kratie",2006,0.2444,"[0.197-0.292]",2262,1901,2214,1851,4598,3914,4539,3851
"Kratie",2007,0.3125,"[0.27-0.356]",2262,1901,2214,1851,4598,3914,4539,3851
"Kratie",2008,0.1818,"[0.134-0.229]",2262,1901,2214,1851,4598,3914,4539,3851
"Kratie",2009,0.3622,"[0.318-0.406]",2262,1901,2214,1851,4598,3914,4539,3851
"Kratie",2010,0.1731,"[0.13-0.216]",2262,1901,2214,1851,4598,3914,4539,3851
"Kratie",2011,0.2013,"[0.158-0.245]",2262,1901,2214,1851,4598,3914,4539,3851
"Kratie",2012,0.1935,"[0.153-0.234]",2262,1901,2214,1851,4598,3914,4539,3851
"Kratie",2013,0.1916,"[0.148-0.235]",2262,1901,2214,1851,4598,3914,4539,3851
"Kratie",2014,0.08107,"[0.0334-0.129]",2262,1901,2214,1851,4598,3914,4539,3851
"Kratie",2015,0.2361,"[0.195-0.277]",2262,1901,2214,1851,4598,3914,4539,3851
"Kratie",2016,0.08573,"[0.0493-0.122]",2262,1901,2214,1851,4598,3914,4539,3851
"Kratie",2017,0.07997,"[0.0386-0.121]",2262,1901,2214,1851,4598,3914,4539,3851
"Kratie",2018,0.2439,"[0.207-0.281]",2262,1901,2214,1851,4598,3914,4539,3851
"Kratie",2019,0.191,"[0.166-0.216]",2262,1901,2214,1851,4598,3914,4539,3851
"Kratie",2020,0.1112,"[0.0825-0.14]",2262,1901,2214,1851,4598,3914,4539,3851
"Mondul Kiri",1989,0.04517,"[0-0.183]",1053,1774,1045,1785,2170,3650,2192,3709
"Mondul Kiri",1990,0.0971,"[0-0.23]",1053,1774,1045,1785,2170,3650,2192,3709
"Mondul Kiri",1991,0.06735,"[0-0.194]",1053,1774,1045,1785,2170,3650,2192,3709
"Mondul Kiri",1992,0.06115,"[0-0.183]",1053,1774,1045,1785,2170,3650,2192,3709
"Mondul Kiri",1993,0.06451,"[0-0.183]",1053,1774,1045,1785,2170,3650,2192,3709
"Mondul Kiri",1994,0.05261,"[0-0.166]",1053,1774,1045,1785,2170,3650,2192,3709
"Mondul Kiri",1995,0.08477,"[0-0.193]",1053,1774,1045,1785,2170,3650,2192,3709
"Mondul Kiri",1996,0.06842,"[0-0.173]",1053,1774,1045,1785,2170,3650,2192,3709
"Mondul Kiri",1997,0.06468,"[0-0.165]",1053,1774,1045,1785,2170,3650,2192,3709
"Mondul Kiri",1998,0.07827,"[0-0.174]",1053,1774,1045,1785,2170,3650,2192,3709
"Mondul Kiri",1999,0.07523,"[0-0.166]",1053,1774,1045,1785,2170,3650,2192,3709
"Mondul Kiri",2000,0.09431,"[0.00863-0.18]",1053,1774,1045,1785,2170,3650,2192,3709
"Mondul Kiri",2001,0.07739,"[0-0.159]",1053,1774,1045,1785,2170,3650,2192,3709
"Mondul Kiri",2002,0.1046,"[0.0292-0.18]",1053,1774,1045,1785,2170,3650,2192,3709
"Mondul Kiri",2003,0.06045,"[0-0.129]",1053,1774,1045,1785,2170,3650,2192,3709
"Mondul Kiri",2004,0.06197,"[0-0.13]",1053,1774,1045,1785,2170,3650,2192,3709
"Mondul Kiri",2005,0.07034,"[0.0036-0.137]",1053,1774,1045,1785,2170,3650,2192,3709
"Mondul Kiri",2006,0.09057,"[0.0309-0.15]",1053,1774,1045,1785,2170,3650,2192,3709
"Mondul Kiri",2007,0.083,"[0.0324-0.134]",1053,1774,1045,1785,2170,3650,2192,3709
"Mondul Kiri",2008,0.135,"[0.0884-0.182]",1053,1774,1045,1785,2170,3650,2192,3709
"Mondul Kiri",2009,1e-07,"[0-0.0507]",1053,1774,1045,1785,2170,3650,2192,3709
"Mondul Kiri",2010,0.06486,"[0.0124-0.117]",1053,1774,1045,1785,2170,3650,2192,3709
"Mondul Kiri",2011,0.1135,"[0.0697-0.157]",1053,1774,1045,1785,2170,3650,2192,3709
"Mondul Kiri",2012,0.1065,"[0.07-0.143]",1053,1774,1045,1785,2170,3650,2192,3709
"Mondul Kiri",2013,1e-07,"[0-0.0427]",1053,1774,1045,1785,2170,3650,2192,3709
"Mondul Kiri",2014,0.06559,"[0.0195-0.112]",1053,1774,1045,1785,2170,3650,2192,3709
"Mondul Kiri",2015,0.1245,"[0.0849-0.164]",1053,1774,1045,1785,2170,3650,2192,3709
"Mondul Kiri",2016,0.1806,"[0.155-0.206]",1053,1774,1045,1785,2170,3650,2192,3709
"Mondul Kiri",2017,1e-07,"[0-0.0319]",1053,1774,1045,1785,2170,3650,2192,3709
"Mondul Kiri",2018,0.07827,"[0.0427-0.114]",1053,1774,1045,1785,2170,3650,2192,3709
"Mondul Kiri",2019,0.1125,"[0.0905-0.134]",1053,1774,1045,1785,2170,3650,2192,3709
"Mondul Kiri",2020,0.4566,"[0.265-0.648]",1053,1774,1045,1785,2170,3650,2192,3709
"National",1981,0.01049,"[0-0.0722]",131114,65743,129402,63720,262307,131604,258923,127596
"National",1982,1e-07,"[0-0.0587]",131114,65743,129402,63720,262307,131604,258923,127596
"National",1983,1e-07,"[0-0.0553]",131114,65743,129402,63720,262307,131604,258923,127596
"National",1984,0.06105,"[0.00706-0.115]",131114,65743,129402,63720,262307,131604,258923,127596
"National",1985,0.07589,"[0.0237-0.128]",131114,65743,129402,63720,262307,131604,258923,127596
"National",1986,0.05754,"[0.00714-0.108]",131114,65743,129402,63720,262307,131604,258923,127596
"National",1987,0.0764,"[0.0277-0.125]",131114,65743,129402,63720,262307,131604,258923,127596
"National",1988,0.09186,"[0.0452-0.139]",131114,65743,129402,63720,262307,131604,258923,127596
"National",1989,0.1358,"[0.0917-0.18]",131114,65743,129402,63720,262307,131604,258923,127596
"National",1990,0.2392,"[0.199-0.279]",131114,65743,129402,63720,262307,131604,258923,127596
"National",1991,0.3109,"[0.276-0.346]",131114,65743,129402,63720,262307,131604,258923,127596
"National",1992,0.2724,"[0.242-0.303]",131114,65743,129402,63720,262307,131604,258923,127596
"National",1993,0.3199,"[0.294-0.346]",131114,65743,129402,63720,262307,131604,258923,127596
"National",1994,0.3374,"[0.315-0.36]",131114,65743,129402,63720,262307,131604,258923,127596
"National",1995,0.3198,"[0.301-0.339]",131114,65743,129402,63720,262307,131604,258923,127596
"National",1996,0.2903,"[0.274-0.306]",131114,65743,129402,63720,262307,131604,258923,127596
"National",1997,0.2666,"[0.253-0.281]",131114,65743,129402,63720,262307,131604,258923,127596
"National",1998,0.2493,"[0.237-0.261]",131114,65743,129402,63720,262307,131604,258923,127596
"National",1999,0.2408,"[0.23-0.251]",131114,65743,129402,63720,262307,131604,258923,127596
"National",2000,0.223,"[0.214-0.232]",131114,65743,129402,63720,262307,131604,258923,127596
"National",2001,0.2392,"[0.231-0.247]",131114,65743,129402,63720,262307,131604,258923,127596
"National",2002,0.2234,"[0.218-0.229]",131114,65743,129402,63720,262307,131604,258923,127596
"National",2003,0.2489,"[0.244-0.254]",131114,65743,129402,63720,262307,131604,258923,127596
"National",2004,0.2383,"[0.233-0.243]",131114,65743,129402,63720,262307,131604,258923,127596
"National",2005,0.2524,"[0.248-0.257]",131114,65743,129402,63720,262307,131604,258923,127596
"National",2006,0.2496,"[0.246-0.254]",131114,65743,129402,63720,262307,131604,258923,127596
"National",2007,0.2415,"[0.238-0.245]",131114,65743,129402,63720,262307,131604,258923,127596
"National",2008,0.2102,"[0.206-0.214]",131114,65743,129402,63720,262307,131604,258923,127596
"National",2009,0.2101,"[0.206-0.214]",131114,65743,129402,63720,262307,131604,258923,127596
"National",2010,0.2417,"[0.238-0.246]",131114,65743,129402,63720,262307,131604,258923,127596
"National",2011,0.1761,"[0.173-0.18]",131114,65743,129402,63720,262307,131604,258923,127596
"National",2012,0.2118,"[0.209-0.215]",131114,65743,129402,63720,262307,131604,258923,127596
"National",2013,0.1659,"[0.163-0.169]",131114,65743,129402,63720,262307,131604,258923,127596
"National",2014,0.09297,"[0.0892-0.0968]",131114,65743,129402,63720,262307,131604,258923,127596
"National",2015,0.1635,"[0.16-0.167]",131114,65743,129402,63720,262307,131604,258923,127596
"National",2016,0.1218,"[0.119-0.125]",131114,65743,129402,63720,262307,131604,258923,127596
"National",2017,0.0989,"[0.0954-0.102]",131114,65743,129402,63720,262307,131604,258923,127596
"National",2018,0.1681,"[0.165-0.171]",131114,65743,129402,63720,262307,131604,258923,127596
"National",2019,0.1996,"[0.197-0.202]",131114,65743,129402,63720,262307,131604,258923,127596
"National",2020,0.1564,"[0.153-0.16]",131114,65743,129402,63720,262307,131604,258923,127596
"Otdar Meanchey",1991,0.2999,"[0.0278-0.572]",2472,1772,2415,1711,5003,3641,4928,3559
"Otdar Meanchey",1992,0.2749,"[0.0395-0.51]",2472,1772,2415,1711,5003,3641,4928,3559
"Otdar Meanchey",1993,0.1783,"[0-0.386]",2472,1772,2415,1711,5003,3641,4928,3559
"Otdar Meanchey",1994,0.2423,"[0.0568-0.428]",2472,1772,2415,1711,5003,3641,4928,3559
"Otdar Meanchey",1995,0.2478,"[0.0847-0.411]",2472,1772,2415,1711,5003,3641,4928,3559
"Otdar Meanchey",1996,0.2363,"[0.0933-0.379]",2472,1772,2415,1711,5003,3641,4928,3559
"Otdar Meanchey",1997,0.2355,"[0.109-0.362]",2472,1772,2415,1711,5003,3641,4928,3559
"Otdar Meanchey",1998,0.2223,"[0.11-0.335]",2472,1772,2415,1711,5003,3641,4928,3559
"Otdar Meanchey",1999,0.2345,"[0.135-0.334]",2472,1772,2415,1711,5003,3641,4928,3559
"Otdar Meanchey",2000,0.2351,"[0.148-0.322]",2472,1772,2415,1711,5003,3641,4928,3559
"Otdar Meanchey",2001,0.2623,"[0.188-0.336]",2472,1772,2415,1711,5003,3641,4928,3559
"Otdar Meanchey",2002,0.2134,"[0.156-0.271]",2472,1772,2415,1711,5003,3641,4928,3559
"Otdar Meanchey",2003,0.2355,"[0.196-0.275]",2472,1772,2415,1711,5003,3641,4928,3559
"Otdar Meanchey",2004,0.2589,"[0.214-0.304]",2472,1772,2415,1711,5003,3641,4928,3559
"Otdar Meanchey",2005,0.2957,"[0.251-0.34]",2472,1772,2415,1711,5003,3641,4928,3559
"Otdar Meanchey",2006,0.2407,"[0.2-0.281]",2472,1772,2415,1711,5003,3641,4928,3559
"Otdar Meanchey",2007,0.3115,"[0.279-0.344]",2472,1772,2415,1711,5003,3641,4928,3559
"Otdar Meanchey",2008,0.2371,"[0.206-0.268]",2472,1772,2415,1711,5003,3641,4928,3559
"Otdar Meanchey",2009,0.2794,"[0.242-0.317]",2472,1772,2415,1711,5003,3641,4928,3559
"Otdar Meanchey",2010,0.2378,"[0.203-0.273]",2472,1772,2415,1711,5003,3641,4928,3559
"Otdar Meanchey",2011,0.1967,"[0.168-0.226]",2472,1772,2415,1711,5003,3641,4928,3559
"Otdar Meanchey",2012,0.2324,"[0.21-0.255]",2472,1772,2415,1711,5003,3641,4928,3559
"Otdar Meanchey",2013,0.1973,"[0.176-0.219]",2472,1772,2415,1711,5003,3641,4928,3559
"Otdar Meanchey",2014,0.09505,"[0.064-0.126]",2472,1772,2415,1711,5003,3641,4928,3559
"Otdar Meanchey",2015,0.2011,"[0.174-0.229]",2472,1772,2415,1711,5003,3641,4928,3559
"Otdar Meanchey",2016,0.158,"[0.134-0.182]",2472,1772,2415,1711,5003,3641,4928,3559
"Otdar Meanchey",2017,0.08245,"[0.058-0.107]",2472,1772,2415,1711,5003,3641,4928,3559
"Otdar Meanchey",2018,0.1871,"[0.164-0.21]",2472,1772,2415,1711,5003,3641,4928,3559
"Otdar Meanchey",2019,0.2188,"[0.203-0.235]",2472,1772,2415,1711,5003,3641,4928,3559
"Otdar Meanchey",2020,0.05008,"[0.0289-0.0712]",2472,1772,2415,1711,5003,3641,4928,3559
"Pailin",1996,0.07144,"[0-0.359]",1197,1245,1183,1227,2444,2579,2453,2581
"Pailin",1997,1e-07,"[0-0.266]",1197,1245,1183,1227,2444,2579,2453,2581
"Pailin",1998,0.09923,"[0-0.346]",1197,1245,1183,1227,2444,2579,2453,2581
"Pailin",1999,0.2039,"[0-0.432]",1197,1245,1183,1227,2444,2579,2453,2581
"Pailin",2000,0.1481,"[0-0.353]",1197,1245,1183,1227,2444,2579,2453,2581
"Pailin",2001,0.2145,"[0.0292-0.4]",1197,1245,1183,1227,2444,2579,2453,2581
"Pailin",2002,0.162,"[0-0.33]",1197,1245,1183,1227,2444,2579,2453,2581
"Pailin",2003,0.1552,"[0.00146-0.309]",1197,1245,1183,1227,2444,2579,2453,2581
"Pailin",2004,0.2085,"[0.079-0.338]",1197,1245,1183,1227,2444,2579,2453,2581
"Pailin",2005,0.2881,"[0.192-0.384]",1197,1245,1183,1227,2444,2579,2453,2581
"Pailin",2006,0.3122,"[0.234-0.39]",1197,1245,1183,1227,2444,2579,2453,2581
"Pailin",2007,0.231,"[0.165-0.297]",1197,1245,1183,1227,2444,2579,2453,2581
"Pailin",2008,0.145,"[0.0799-0.21]",1197,1245,1183,1227,2444,2579,2453,2581
"Pailin",2009,0.2279,"[0.157-0.298]",1197,1245,1183,1227,2444,2579,2453,2581
"Pailin",2010,0.264,"[0.205-0.323]",1197,1245,1183,1227,2444,2579,2453,2581
"Pailin",2011,0.1584,"[0.112-0.205]",1197,1245,1183,1227,2444,2579,2453,2581
"Pailin",2012,0.222,"[0.18-0.264]",1197,1245,1183,1227,2444,2579,2453,2581
"Pailin",2013,0.1403,"[0.1-0.18]",1197,1245,1183,1227,2444,2579,2453,2581
"Pailin",2014,0.08147,"[0.0358-0.127]",1197,1245,1183,1227,2444,2579,2453,2581
"Pailin",2015,0.1104,"[0.0615-0.159]",1197,1245,1183,1227,2444,2579,2453,2581
"Pailin",2016,0.03943,"[0-0.0957]",1197,1245,1183,1227,2444,2579,2453,2581
"Pailin",2017,0.05625,"[0-0.123]",1197,1245,1183,1227,2444,2579,2453,2581
"Pailin",2018,0.1745,"[0.118-0.231]",1197,1245,1183,1227,2444,2579,2453,2581
"Pailin",2019,0.2564,"[0.224-0.288]",1197,1245,1183,1227,2444,2579,2453,2581
"Pailin",2020,0.1403,"[0.0956-0.185]",1197,1245,1183,1227,2444,2579,2453,2581
"Phnom Penh",1985,0.1934,"[0-0.66]",11809,8693,11983,8838,23690,17496,24075,17824
"Phnom Penh",1986,0.05054,"[0-0.475]",11809,8693,11983,8838,23690,17496,24075,17824
"Phnom Penh",1987,0.0006771,"[0-0.389]",11809,8693,11983,8838,23690,17496,24075,17824
"Phnom Penh",1988,0.1544,"[0-0.502]",11809,8693,11983,8838,23690,17496,24075,17824
"Phnom Penh",1989,0.7921,"[0.517-1.07]",11809,8693,11983,8838,23690,17496,24075,17824
"Phnom Penh",1990,0.8511,"[0.667-1.04]",11809,8693,11983,8838,23690,17496,24075,17824
"Phnom Penh",1991,0.6973,"[0.574-0.821]",11809,8693,11983,8838,23690,17496,24075,17824
"Phnom Penh",1992,0.4541,"[0.364-0.545]",11809,8693,11983,8838,23690,17496,24075,17824
"Phnom Penh",1993,0.4717,"[0.4-0.543]",11809,8693,11983,8838,23690,17496,24075,17824
"Phnom Penh",1994,0.3947,"[0.338-0.452]",11809,8693,11983,8838,23690,17496,24075,17824
"Phnom Penh",1995,0.3285,"[0.281-0.376]",11809,8693,11983,8838,23690,17496,24075,17824
"Phnom Penh",1996,0.2956,"[0.256-0.336]",11809,8693,11983,8838,23690,17496,24075,17824
"Phnom Penh",1997,0.254,"[0.219-0.289]",11809,8693,11983,8838,23690,17496,24075,17824
"Phnom Penh",1998,0.2178,"[0.187-0.248]",11809,8693,11983,8838,23690,17496,24075,17824
"Phnom Penh",1999,0.2025,"[0.176-0.229]",11809,8693,11983,8838,23690,17496,24075,17824
"Phnom Penh",2000,0.2013,"[0.178-0.225]",11809,8693,11983,8838,23690,17496,24075,17824
"Phnom Penh",2001,0.2226,"[0.203-0.243]",11809,8693,11983,8838,23690,17496,24075,17824
"Phnom Penh",2002,0.1586,"[0.145-0.172]",11809,8693,11983,8838,23690,17496,24075,17824
"Phnom Penh",2003,0.2239,"[0.211-0.237]",11809,8693,11983,8838,23690,17496,24075,17824
"Phnom Penh",2004,0.2679,"[0.254-0.282]",11809,8693,11983,8838,23690,17496,24075,17824
"Phnom Penh",2005,0.2625,"[0.249-0.276]",11809,8693,11983,8838,23690,17496,24075,17824
"Phnom Penh",2006,0.2675,"[0.256-0.279]",11809,8693,11983,8838,23690,17496,24075,17824
"Phnom Penh",2007,0.2296,"[0.22-0.239]",11809,8693,11983,8838,23690,17496,24075,17824
"Phnom Penh",2008,0.2438,"[0.233-0.255]",11809,8693,11983,8838,23690,17496,24075,17824
"Phnom Penh",2009,0.2548,"[0.243-0.266]",11809,8693,11983,8838,23690,17496,24075,17824
"Phnom Penh",2010,0.3097,"[0.299-0.321]",11809,8693,11983,8838,23690,17496,24075,17824
"Phnom Penh",2011,0.1548,"[0.145-0.164]",11809,8693,11983,8838,23690,17496,24075,17824
"Phnom Penh",2012,0.1977,"[0.188-0.207]",11809,8693,11983,8838,23690,17496,24075,17824
"Phnom Penh",2013,0.1799,"[0.17-0.19]",11809,8693,11983,8838,23690,17496,24075,17824
"Phnom Penh",2014,0.149,"[0.138-0.16]",11809,8693,11983,8838,23690,17496,24075,17824
"Phnom Penh",2015,0.1427,"[0.133-0.152]",11809,8693,11983,8838,23690,17496,24075,17824
"Phnom Penh",2016,0.1337,"[0.125-0.143]",11809,8693,11983,8838,23690,17496,24075,17824
"Phnom Penh",2017,0.1009,"[0.093-0.109]",11809,8693,11983,8838,23690,17496,24075,17824
"Phnom Penh",2018,0.2106,"[0.204-0.218]",11809,8693,11983,8838,23690,17496,24075,17824
"Phnom Penh",2019,0.3167,"[0.31-0.324]",11809,8693,11983,8838,23690,17496,24075,17824
"Phnom Penh",2020,0.3547,"[0.342-0.367]",11809,8693,11983,8838,23690,17496,24075,17824
"Preah Sihanouk",1990,1e-07,"[0-0.133]",9386,8208,9214,8045,18833,16517,18528,16228
"Preah Sihanouk",1991,1e-07,"[0-0.115]",9386,8208,9214,8045,18833,16517,18528,16228
"Preah Sihanouk",1992,1e-07,"[0-0.115]",9386,8208,9214,8045,18833,16517,18528,16228
"Preah Sihanouk",1993,0.01853,"[0-0.13]",9386,8208,9214,8045,18833,16517,18528,16228
"Preah Sihanouk",1994,0.04366,"[0-0.15]",9386,8208,9214,8045,18833,16517,18528,16228
"Preah Sihanouk",1995,0.07406,"[0-0.175]",9386,8208,9214,8045,18833,16517,18528,16228
"Preah Sihanouk",1996,0.1395,"[0.0449-0.234]",9386,8208,9214,8045,18833,16517,18528,16228
"Preah Sihanouk",1997,0.08715,"[0-0.175]",9386,8208,9214,8045,18833,16517,18528,16228
"Preah Sihanouk",1998,0.1551,"[0.0732-0.237]",9386,8208,9214,8045,18833,16517,18528,16228
"Preah Sihanouk",1999,0.1186,"[0.0428-0.194]",9386,8208,9214,8045,18833,16517,18528,16228
"Preah Sihanouk",2000,0.1122,"[0.0415-0.183]",9386,8208,9214,8045,18833,16517,18528,16228
"Preah Sihanouk",2001,0.1604,"[0.0955-0.225]",9386,8208,9214,8045,18833,16517,18528,16228
"Preah Sihanouk",2002,0.2286,"[0.176-0.281]",9386,8208,9214,8045,18833,16517,18528,16228
"Preah Sihanouk",2003,0.1663,"[0.126-0.207]",9386,8208,9214,8045,18833,16517,18528,16228
"Preah Sihanouk",2004,0.1422,"[0.105-0.179]",9386,8208,9214,8045,18833,16517,18528,16228
"Preah Sihanouk",2005,0.2163,"[0.185-0.248]",9386,8208,9214,8045,18833,16517,18528,16228
"Preah Sihanouk",2006,0.04816,"[0.0219-0.0744]",9386,8208,9214,8045,18833,16517,18528,16228
"Preah Sihanouk",2007,0.3043,"[0.278-0.33]",9386,8208,9214,8045,18833,16517,18528,16228
"Preah Sihanouk",2008,0.01018,"[0.00239-0.018]",9386,8208,9214,8045,18833,16517,18528,16228
"Preah Sihanouk",2009,0.1336,"[0.112-0.155]",9386,8208,9214,8045,18833,16517,18528,16228
"Preah Sihanouk",2010,0.1673,"[0.144-0.191]",9386,8208,9214,8045,18833,16517,18528,16228
"Preah Sihanouk",2011,0.08023,"[0.0587-0.102]",9386,8208,9214,8045,18833,16517,18528,16228
"Preah Sihanouk",2012,0.1952,"[0.175-0.215]",9386,8208,9214,8045,18833,16517,18528,16228
"Preah Sihanouk",2013,0.02306,"[0.0138-0.0324]",9386,8208,9214,8045,18833,16517,18528,16228
"Preah Sihanouk",2014,0.01652,"[0.00612-0.0269]",9386,8208,9214,8045,18833,16517,18528,16228
"Preah Sihanouk",2015,0.04964,"[0.0324-0.0668]",9386,8208,9214,8045,18833,16517,18528,16228
"Preah Sihanouk",2016,0.09834,"[0.0774-0.119]",9386,8208,9214,8045,18833,16517,18528,16228
"Preah Sihanouk",2017,0.05167,"[0.0308-0.0725]",9386,8208,9214,8045,18833,16517,18528,16228
"Preah Sihanouk",2018,0.1841,"[0.164-0.204]",9386,8208,9214,8045,18833,16517,18528,16228
"Preah Sihanouk",2019,0.114,"[0.103-0.125]",9386,8208,9214,8045,18833,16517,18528,16228
"Preah Sihanouk",2020,0.07499,"[0.0601-0.0899]",9386,8208,9214,8045,18833,16517,18528,16228
"Preah Vihear",1989,0.1015,"[0-0.349]",4206,3733,4105,3632,8477,7567,8313,7405
"Preah Vihear",1990,0.03549,"[0-0.272]",4206,3733,4105,3632,8477,7567,8313,7405
"Preah Vihear",1991,0.07494,"[0-0.302]",4206,3733,4105,3632,8477,7567,8313,7405
"Preah Vihear",1992,1e-07,"[0-0.214]",4206,3733,4105,3632,8477,7567,8313,7405
"Preah Vihear",1993,0.1132,"[0-0.313]",4206,3733,4105,3632,8477,7567,8313,7405
"Preah Vihear",1994,0.003335,"[0-0.193]",4206,3733,4105,3632,8477,7567,8313,7405
"Preah Vihear",1995,0.1772,"[0-0.355]",4206,3733,4105,3632,8477,7567,8313,7405
"Preah Vihear",1996,0.1164,"[0-0.28]",4206,3733,4105,3632,8477,7567,8313,7405
"Preah Vihear",1997,0.1539,"[0.00312-0.305]",4206,3733,4105,3632,8477,7567,8313,7405
"Preah Vihear",1998,0.152,"[0.0122-0.292]",4206,3733,4105,3632,8477,7567,8313,7405
"Preah Vihear",1999,0.2195,"[0.0912-0.348]",4206,3733,4105,3632,8477,7567,8313,7405
"Preah Vihear",2000,0.2079,"[0.0932-0.323]",4206,3733,4105,3632,8477,7567,8313,7405
"Preah Vihear",2001,0.2546,"[0.154-0.356]",4206,3733,4105,3632,8477,7567,8313,7405
"Preah Vihear",2002,0.3355,"[0.259-0.412]",4206,3733,4105,3632,8477,7567,8313,7405
"Preah Vihear",2003,0.1354,"[0.0694-0.201]",4206,3733,4105,3632,8477,7567,8313,7405
"Preah Vihear",2004,0.2977,"[0.233-0.362]",4206,3733,4105,3632,8477,7567,8313,7405
"Preah Vihear",2005,0.184,"[0.126-0.242]",4206,3733,4105,3632,8477,7567,8313,7405
"Preah Vihear",2006,0.2933,"[0.241-0.346]",4206,3733,4105,3632,8477,7567,8313,7405
"Preah Vihear",2007,0.3055,"[0.263-0.348]",4206,3733,4105,3632,8477,7567,8313,7405
"Preah Vihear",2008,0.1905,"[0.156-0.225]",4206,3733,4105,3632,8477,7567,8313,7405
"Preah Vihear",2009,0.1499,"[0.111-0.189]",4206,3733,4105,3632,8477,7567,8313,7405
"Preah Vihear",2010,0.2058,"[0.168-0.244]",4206,3733,4105,3632,8477,7567,8313,7405
"Preah Vihear",2011,0.1618,"[0.128-0.195]",4206,3733,4105,3632,8477,7567,8313,7405
"Preah Vihear",2012,0.272,"[0.245-0.299]",4206,3733,4105,3632,8477,7567,8313,7405
"Preah Vihear",2013,0.2082,"[0.188-0.228]",4206,3733,4105,3632,8477,7567,8313,7405
"Preah Vihear",2014,0.05794,"[0.0371-0.0788]",4206,3733,4105,3632,8477,7567,8313,7405
"Preah Vihear",2015,0.1687,"[0.146-0.191]",4206,3733,4105,3632,8477,7567,8313,7405
"Preah Vihear",2016,0.1644,"[0.145-0.183]",4206,3733,4105,3632,8477,7567,8313,7405
"Preah Vihear",2017,0.04804,"[0.0286-0.0675]",4206,3733,4105,3632,8477,7567,8313,7405
"Preah Vihear",2018,0.1683,"[0.148-0.188]",4206,3733,4105,3632,8477,7567,8313,7405
"Preah Vihear",2019,0.1679,"[0.154-0.182]",4206,3733,4105,3632,8477,7567,8313,7405
"Preah Vihear",2020,0.08346,"[0.0629-0.104]",4206,3733,4105,3632,8477,7567,8313,7405
"Prey Veng",1985,0.08667,"[0-0.666]",5003,3080,5013,3079,10077,6271,10135,6306
"Prey Veng",1986,0.00622,"[0-0.556]",5003,3080,5013,3079,10077,6271,10135,6306
"Prey Veng",1987,1e-07,"[0-0.536]",5003,3080,5013,3079,10077,6271,10135,6306
"Prey Veng",1988,1e-07,"[0-0.482]",5003,3080,5013,3079,10077,6271,10135,6306
"Prey Veng",1989,0.13,"[0-0.552]",5003,3080,5013,3079,10077,6271,10135,6306
"Prey Veng",1990,0.2626,"[0-0.634]",5003,3080,5013,3079,10077,6271,10135,6306
"Prey Veng",1991,0.6991,"[0.415-0.983]",5003,3080,5013,3079,10077,6271,10135,6306
"Prey Veng",1992,0.4986,"[0.294-0.703]",5003,3080,5013,3079,10077,6271,10135,6306
"Prey Veng",1993,0.5335,"[0.377-0.691]",5003,3080,5013,3079,10077,6271,10135,6306
"Prey Veng",1994,0.498,"[0.377-0.619]",5003,3080,5013,3079,10077,6271,10135,6306
"Prey Veng",1995,0.4474,"[0.352-0.542]",5003,3080,5013,3079,10077,6271,10135,6306
"Prey Veng",1996,0.3253,"[0.248-0.403]",5003,3080,5013,3079,10077,6271,10135,6306
"Prey Veng",1997,0.2754,"[0.209-0.342]",5003,3080,5013,3079,10077,6271,10135,6306
"Prey Veng",1998,0.2641,"[0.206-0.322]",5003,3080,5013,3079,10077,6271,10135,6306
"Prey Veng",1999,0.2676,"[0.218-0.318]",5003,3080,5013,3079,10077,6271,10135,6306
"Prey Veng",2000,0.25,"[0.207-0.293]",5003,3080,5013,3079,10077,6271,10135,6306
"Prey Veng",2001,0.2576,"[0.222-0.293]",5003,3080,5013,3079,10077,6271,10135,6306
"Prey Veng",2002,0.1747,"[0.149-0.201]",5003,3080,5013,3079,10077,6271,10135,6306
"Prey Veng",2003,0.2429,"[0.219-0.267]",5003,3080,5013,3079,10077,6271,10135,6306
"Prey Veng",2004,0.2283,"[0.208-0.248]",5003,3080,5013,3079,10077,6271,10135,6306
"Prey Veng",2005,0.2707,"[0.249-0.292]",5003,3080,5013,3079,10077,6271,10135,6306
"Prey Veng",2006,0.2458,"[0.228-0.264]",5003,3080,5013,3079,10077,6271,10135,6306
"Prey Veng",2007,0.2018,"[0.189-0.215]",5003,3080,5013,3079,10077,6271,10135,6306
"Prey Veng",2008,0.2739,"[0.254-0.294]",5003,3080,5013,3079,10077,6271,10135,6306
"Prey Veng",2009,0.1859,"[0.166-0.206]",5003,3080,5013,3079,10077,6271,10135,6306
"Prey Veng",2010,0.212,"[0.194-0.23]",5003,3080,5013,3079,10077,6271,10135,6306
"Prey Veng",2011,0.1647,"[0.15-0.18]",5003,3080,5013,3079,10077,6271,10135,6306
"Prey Veng",2012,0.2418,"[0.229-0.255]",5003,3080,5013,3079,10077,6271,10135,6306
"Prey Veng",2013,0.1656,"[0.151-0.181]",5003,3080,5013,3079,10077,6271,10135,6306
"Prey Veng",2014,0.1536,"[0.133-0.175]",5003,3080,5013,3079,10077,6271,10135,6306
"Prey Veng",2015,0.1777,"[0.158-0.198]",5003,3080,5013,3079,10077,6271,10135,6306
"Prey Veng",2016,0.1124,"[0.0939-0.131]",5003,3080,5013,3079,10077,6271,10135,6306
"Prey Veng",2017,0.08972,"[0.0705-0.109]",5003,3080,5013,3079,10077,6271,10135,6306
"Prey Veng",2018,0.1732,"[0.156-0.191]",5003,3080,5013,3079,10077,6271,10135,6306
"Prey Veng",2019,0.2088,"[0.195-0.223]",5003,3080,5013,3079,10077,6271,10135,6306
"Prey Veng",2020,0.2891,"[0.259-0.32]",5003,3080,5013,3079,10077,6271,10135,6306
"Pursat",1989,1e-07,"[0-0.462]",1904,1689,1845,1627,3872,3480,3792,3395
"Pursat",1990,1e-07,"[0-0.386]",1904,1689,1845,1627,3872,3480,3792,3395
"Pursat",1991,1e-07,"[0-0.337]",1904,1689,1845,1627,3872,3480,3792,3395
"Pursat",1992,0.07152,"[0-0.382]",1904,1689,1845,1627,3872,3480,3792,3395
"Pursat",1993,0.2651,"[0-0.548]",1904,1689,1845,1627,3872,3480,3792,3395
"Pursat",1994,0.217,"[0-0.466]",1904,1689,1845,1627,3872,3480,3792,3395
"Pursat",1995,0.2279,"[0.00773-0.448]",1904,1689,1845,1627,3872,3480,3792,3395
"Pursat",1996,0.1811,"[0-0.377]",1904,1689,1845,1627,3872,3480,3792,3395
"Pursat",1997,0.2038,"[0.0268-0.381]",1904,1689,1845,1627,3872,3480,3792,3395
"Pursat",1998,0.2577,"[0.101-0.414]",1904,1689,1845,1627,3872,3480,3792,3395
"Pursat",1999,0.342,"[0.208-0.476]",1904,1689,1845,1627,3872,3480,3792,3395
"Pursat",2000,0.1886,"[0.0739-0.303]",1904,1689,1845,1627,3872,3480,3792,3395
"Pursat",2001,0.1862,"[0.0861-0.286]",1904,1689,1845,1627,3872,3480,3792,3395
"Pursat",2002,0.154,"[0.0742-0.234]",1904,1689,1845,1627,3872,3480,3792,3395
"Pursat",2003,0.2072,"[0.141-0.274]",1904,1689,1845,1627,3872,3480,3792,3395
"Pursat",2004,0.3118,"[0.259-0.365]",1904,1689,1845,1627,3872,3480,3792,3395
"Pursat",2005,0.2796,"[0.232-0.327]",1904,1689,1845,1627,3872,3480,3792,3395
"Pursat",2006,0.04535,"[0-0.111]",1904,1689,1845,1627,3872,3480,3792,3395
"Pursat",2007,0.3274,"[0.267-0.388]",1904,1689,1845,1627,3872,3480,3792,3395
"Pursat",2008,0.2474,"[0.204-0.29]",1904,1689,1845,1627,3872,3480,3792,3395
"Pursat",2009,0.26,"[0.224-0.296]",1904,1689,1845,1627,3872,3480,3792,3395
"Pursat",2010,0.09987,"[0.0647-0.135]",1904,1689,1845,1627,3872,3480,3792,3395
"Pursat",2011,0.1027,"[0.0555-0.15]",1904,1689,1845,1627,3872,3480,3792,3395
"Pursat",2012,0.1893,"[0.144-0.235]",1904,1689,1845,1627,3872,3480,3792,3395
"Pursat",2013,0.2078,"[0.173-0.243]",1904,1689,1845,1627,3872,3480,3792,3395
"Pursat",2014,0.02817,"[0.00427-0.0521]",1904,1689,1845,1627,3872,3480,3792,3395
"Pursat",2015,0.08553,"[0.0466-0.124]",1904,1689,1845,1627,3872,3480,3792,3395
"Pursat",2016,0.1103,"[0.0674-0.153]",1904,1689,1845,1627,3872,3480,3792,3395
"Pursat",2017,0.1214,"[0.0828-0.16]",1904,1689,1845,1627,3872,3480,3792,3395
"Pursat",2018,0.1313,"[0.0984-0.164]",1904,1689,1845,1627,3872,3480,3792,3395
"Pursat",2019,0.1616,"[0.137-0.186]",1904,1689,1845,1627,3872,3480,3792,3395
"Pursat",2020,0.03722,"[0.0195-0.0549]",1904,1689,1845,1627,3872,3480,3792,3395
"Ratanak Kiri",1993,0.05662,"[0-0.224]",1756,1848,1693,1785,3569,3791,3481,3701
"Ratanak Kiri",1994,0.07139,"[0-0.232]",1756,1848,1693,1785,3569,3791,3481,3701
"Ratanak Kiri",1995,0.104,"[0-0.256]",1756,1848,1693,1785,3569,3791,3481,3701
"Ratanak Kiri",1996,0.106,"[0-0.248]",1756,1848,1693,1785,3569,3791,3481,3701
"Ratanak Kiri",1997,0.1115,"[0-0.245]",1756,1848,1693,1785,3569,3791,3481,3701
"Ratanak Kiri",1998,0.1192,"[0-0.244]",1756,1848,1693,1785,3569,3791,3481,3701
"Ratanak Kiri",1999,0.0755,"[0-0.193]",1756,1848,1693,1785,3569,3791,3481,3701
"Ratanak Kiri",2000,0.06159,"[0-0.174]",1756,1848,1693,1785,3569,3791,3481,3701
"Ratanak Kiri",2001,0.1228,"[0.0176-0.228]",1756,1848,1693,1785,3569,3791,3481,3701
"Ratanak Kiri",2002,0.1179,"[0.0212-0.215]",1756,1848,1693,1785,3569,3791,3481,3701
"Ratanak Kiri",2003,0.1727,"[0.0914-0.254]",1756,1848,1693,1785,3569,3791,3481,3701
"Ratanak Kiri",2004,0.1418,"[0.0741-0.209]",1756,1848,1693,1785,3569,3791,3481,3701
"Ratanak Kiri",2005,0.1192,"[0.0488-0.19]",1756,1848,1693,1785,3569,3791,3481,3701
"Ratanak Kiri",2006,0.1067,"[0.036-0.177]",1756,1848,1693,1785,3569,3791,3481,3701
"Ratanak Kiri",2007,0.4057,"[0.353-0.458]",1756,1848,1693,1785,3569,3791,3481,3701
"Ratanak Kiri",2008,0.01762,"[0.00146-0.0338]",1756,1848,1693,1785,3569,3791,3481,3701
"Ratanak Kiri",2009,0.08808,"[0.0543-0.122]",1756,1848,1693,1785,3569,3791,3481,3701
"Ratanak Kiri",2010,0.1678,"[0.126-0.21]",1756,1848,1693,1785,3569,3791,3481,3701
"Ratanak Kiri",2011,0.155,"[0.115-0.195]",1756,1848,1693,1785,3569,3791,3481,3701
"Ratanak Kiri",2012,0.04997,"[0.0165-0.0834]",1756,1848,1693,1785,3569,3791,3481,3701
"Ratanak Kiri",2013,0.1254,"[0.0843-0.167]",1756,1848,1693,1785,3569,3791,3481,3701
"Ratanak Kiri",2014,1e-07,"[0-0.0488]",1756,1848,1693,1785,3569,3791,3481,3701
"Ratanak Kiri",2015,0.1603,"[0.114-0.207]",1756,1848,1693,1785,3569,3791,3481,3701
"Ratanak Kiri",2016,0.07404,"[0.0372-0.111]",1756,1848,1693,1785,3569,3791,3481,3701
"Ratanak Kiri",2017,0.08211,"[0.0431-0.121]",1756,1848,1693,1785,3569,3791,3481,3701
"Ratanak Kiri",2018,0.17,"[0.135-0.205]",1756,1848,1693,1785,3569,3791,3481,3701
"Ratanak Kiri",2019,0.1739,"[0.152-0.195]",1756,1848,1693,1785,3569,3791,3481,3701
"Ratanak Kiri",2020,0.04197,"[0.0235-0.0604]",1756,1848,1693,1785,3569,3791,3481,3701
"Siem Reap",1987,0.07879,"[0-0.182]",13292,5144,13265,5096,26652,10394,26637,10335
"Siem Reap",1988,0.07551,"[0-0.174]",13292,5144,13265,5096,26652,10394,26637,10335
"Siem Reap",1989,0.0933,"[0-0.188]",13292,5144,13265,5096,26652,10394,26637,10335
"Siem Reap",1990,0.1336,"[0.045-0.222]",13292,5144,13265,5096,26652,10394,26637,10335
"Siem Reap",1991,0.2214,"[0.142-0.301]",13292,5144,13265,5096,26652,10394,26637,10335
"Siem Reap",1992,0.108,"[0.0373-0.179]",13292,5144,13265,5096,26652,10394,26637,10335
"Siem Reap",1993,0.2247,"[0.161-0.289]",13292,5144,13265,5096,26652,10394,26637,10335
"Siem Reap",1994,0.2573,"[0.201-0.314]",13292,5144,13265,5096,26652,10394,26637,10335
"Siem Reap",1995,0.2912,"[0.243-0.34]",13292,5144,13265,5096,26652,10394,26637,10335
"Siem Reap",1996,0.2633,"[0.221-0.306]",13292,5144,13265,5096,26652,10394,26637,10335
"Siem Reap",1997,0.2673,"[0.231-0.304]",13292,5144,13265,5096,26652,10394,26637,10335
"Siem Reap",1998,0.248,"[0.216-0.28]",13292,5144,13265,5096,26652,10394,26637,10335
"Siem Reap",1999,0.231,"[0.203-0.259]",13292,5144,13265,5096,26652,10394,26637,10335
"Siem Reap",2000,0.2349,"[0.21-0.26]",13292,5144,13265,5096,26652,10394,26637,10335
"Siem Reap",2001,0.2365,"[0.216-0.257]",13292,5144,13265,5096,26652,10394,26637,10335
"Siem Reap",2002,0.237,"[0.222-0.252]",13292,5144,13265,5096,26652,10394,26637,10335
"Siem Reap",2003,0.2394,"[0.227-0.252]",13292,5144,13265,5096,26652,10394,26637,10335
"Siem Reap",2004,0.2242,"[0.209-0.239]",13292,5144,13265,5096,26652,10394,26637,10335
"Siem Reap",2005,0.2172,"[0.202-0.232]",13292,5144,13265,5096,26652,10394,26637,10335
"Siem Reap",2006,0.2271,"[0.215-0.239]",13292,5144,13265,5096,26652,10394,26637,10335
"Siem Reap",2007,0.2343,"[0.225-0.243]",13292,5144,13265,5096,26652,10394,26637,10335
"Siem Reap",2008,0.23,"[0.22-0.24]",13292,5144,13265,5096,26652,10394,26637,10335
"Siem Reap",2009,0.2038,"[0.193-0.214]",13292,5144,13265,5096,26652,10394,26637,10335
"Siem Reap",2010,0.2036,"[0.193-0.214]",13292,5144,13265,5096,26652,10394,26637,10335
"Siem Reap",2011,0.1866,"[0.177-0.196]",13292,5144,13265,5096,26652,10394,26637,10335
"Siem Reap",2012,0.2002,"[0.193-0.208]",13292,5144,13265,5096,26652,10394,26637,10335
"Siem Reap",2013,0.2021,"[0.194-0.21]",13292,5144,13265,5096,26652,10394,26637,10335
"Siem Reap",2014,0.1011,"[0.0911-0.111]",13292,5144,13265,5096,26652,10394,26637,10335
"Siem Reap",2015,0.1988,"[0.189-0.209]",13292,5144,13265,5096,26652,10394,26637,10335
"Siem Reap",2016,0.139,"[0.131-0.147]",13292,5144,13265,5096,26652,10394,26637,10335
"Siem Reap",2017,0.1452,"[0.135-0.155]",13292,5144,13265,5096,26652,10394,26637,10335
"Siem Reap",2018,0.1071,"[0.0984-0.116]",13292,5144,13265,5096,26652,10394,26637,10335
"Siem Reap",2019,0.2539,"[0.246-0.261]",13292,5144,13265,5096,26652,10394,26637,10335
"Siem Reap",2020,0.1582,"[0.143-0.173]",13292,5144,13265,5096,26652,10394,26637,10335
"Stung Treng",1988,0.2657,"[0-0.799]",1292,1230,1278,1219,2651,2564,2660,2581
"Stung Treng",1989,0.1859,"[0-0.66]",1292,1230,1278,1219,2651,2564,2660,2581
"Stung Treng",1990,0.108,"[0-0.547]",1292,1230,1278,1219,2651,2564,2660,2581
"Stung Treng",1991,0.3093,"[0-0.702]",1292,1230,1278,1219,2651,2564,2660,2581
"Stung Treng",1992,0.1848,"[0-0.526]",1292,1230,1278,1219,2651,2564,2660,2581
"Stung Treng",1993,0.3696,"[0.0736-0.666]",1292,1230,1278,1219,2651,2564,2660,2581
"Stung Treng",1994,0.2041,"[0-0.456]",1292,1230,1278,1219,2651,2564,2660,2581
"Stung Treng",1995,0.2153,"[0-0.439]",1292,1230,1278,1219,2651,2564,2660,2581
"Stung Treng",1996,0.2622,"[0.0673-0.457]",1292,1230,1278,1219,2651,2564,2660,2581
"Stung Treng",1997,0.2585,"[0.0919-0.425]",1292,1230,1278,1219,2651,2564,2660,2581
"Stung Treng",1998,0.2364,"[0.0918-0.381]",1292,1230,1278,1219,2651,2564,2660,2581
"Stung Treng",1999,0.1161,"[0-0.246]",1292,1230,1278,1219,2651,2564,2660,2581
"Stung Treng",2000,0.1164,"[0-0.237]",1292,1230,1278,1219,2651,2564,2660,2581
"Stung Treng",2001,0.2639,"[0.156-0.371]",1292,1230,1278,1219,2651,2564,2660,2581
"Stung Treng",2002,0.257,"[0.186-0.328]",1292,1230,1278,1219,2651,2564,2660,2581
"Stung Treng",2003,0.1614,"[0.0947-0.228]",1292,1230,1278,1219,2651,2564,2660,2581
"Stung Treng",2004,1e-07,"[0-0.132]",1292,1230,1278,1219,2651,2564,2660,2581
"Stung Treng",2005,1e-07,"[0-0.16]",1292,1230,1278,1219,2651,2564,2660,2581
"Stung Treng",2006,0.372,"[0.245-0.499]",1292,1230,1278,1219,2651,2564,2660,2581
"Stung Treng",2007,0.08063,"[0.00621-0.155]",1292,1230,1278,1219,2651,2564,2660,2581
"Stung Treng",2008,0.2457,"[0.158-0.334]",1292,1230,1278,1219,2651,2564,2660,2581
"Stung Treng",2009,1e-07,"[0-0.105]",1292,1230,1278,1219,2651,2564,2660,2581
"Stung Treng",2010,0.3124,"[0.216-0.409]",1292,1230,1278,1219,2651,2564,2660,2581
"Stung Treng",2011,0.2745,"[0.194-0.355]",1292,1230,1278,1219,2651,2564,2660,2581
"Stung Treng",2012,0.205,"[0.135-0.275]",1292,1230,1278,1219,2651,2564,2660,2581
"Stung Treng",2013,0.2316,"[0.166-0.297]",1292,1230,1278,1219,2651,2564,2660,2581
"Stung Treng",2014,1e-07,"[0-0.0868]",1292,1230,1278,1219,2651,2564,2660,2581
"Stung Treng",2015,0.2626,"[0.182-0.343]",1292,1230,1278,1219,2651,2564,2660,2581
"Stung Treng",2016,0.1432,"[0.0897-0.197]",1292,1230,1278,1219,2651,2564,2660,2581
"Stung Treng",2017,0.128,"[0.0721-0.184]",1292,1230,1278,1219,2651,2564,2660,2581
"Stung Treng",2018,0.0452,"[0-0.114]",1292,1230,1278,1219,2651,2564,2660,2581
"Stung Treng",2019,0.303,"[0.247-0.358]",1292,1230,1278,1219,2651,2564,2660,2581
"Stung Treng",2020,0.2017,"[0.161-0.242]",1292,1230,1278,1219,2651,2564,2660,2581
"Svay Rieng",1988,0.06644,"[0-0.261]",6287,5163,6157,5028,12640,10430,12417,10198
"Svay Rieng",1989,0.05718,"[0-0.241]",6287,5163,6157,5028,12640,10430,12417,10198
"Svay Rieng",1990,0.01196,"[0-0.186]",6287,5163,6157,5028,12640,10430,12417,10198
"Svay Rieng",1991,0.2161,"[0.056-0.376]",6287,5163,6157,5028,12640,10430,12417,10198
"Svay Rieng",1992,0.1407,"[0-0.287]",6287,5163,6157,5028,12640,10430,12417,10198
"Svay Rieng",1993,0.2375,"[0.105-0.37]",6287,5163,6157,5028,12640,10430,12417,10198
"Svay Rieng",1994,0.269,"[0.152-0.386]",6287,5163,6157,5028,12640,10430,12417,10198
"Svay Rieng",1995,0.2242,"[0.122-0.326]",6287,5163,6157,5028,12640,10430,12417,10198
"Svay Rieng",1996,0.1705,"[0.0789-0.262]",6287,5163,6157,5028,12640,10430,12417,10198
"Svay Rieng",1997,0.1537,"[0.0699-0.238]",6287,5163,6157,5028,12640,10430,12417,10198
"Svay Rieng",1998,0.1759,"[0.0994-0.252]",6287,5163,6157,5028,12640,10430,12417,10198
"Svay Rieng",1999,0.1689,"[0.0998-0.238]",6287,5163,6157,5028,12640,10430,12417,10198
"Svay Rieng",2000,0.1404,"[0.0779-0.203]",6287,5163,6157,5028,12640,10430,12417,10198
"Svay Rieng",2001,0.1864,"[0.13-0.242]",6287,5163,6157,5028,12640,10430,12417,10198
"Svay Rieng",2002,0.2551,"[0.212-0.298]",6287,5163,6157,5028,12640,10430,12417,10198
"Svay Rieng",2003,0.1413,"[0.106-0.177]",6287,5163,6157,5028,12640,10430,12417,10198
"Svay Rieng",2004,0.2595,"[0.23-0.289]",6287,5163,6157,5028,12640,10430,12417,10198
"Svay Rieng",2005,0.07566,"[0.0494-0.102]",6287,5163,6157,5028,12640,10430,12417,10198
"Svay Rieng",2006,0.2581,"[0.229-0.287]",6287,5163,6157,5028,12640,10430,12417,10198
"Svay Rieng",2007,0.3197,"[0.297-0.342]",6287,5163,6157,5028,12640,10430,12417,10198
"Svay Rieng",2008,0.07216,"[0.0519-0.0924]",6287,5163,6157,5028,12640,10430,12417,10198
"Svay Rieng",2009,0.1466,"[0.12-0.173]",6287,5163,6157,5028,12640,10430,12417,10198
"Svay Rieng",2010,0.173,"[0.146-0.2]",6287,5163,6157,5028,12640,10430,12417,10198
"Svay Rieng",2011,0.1359,"[0.111-0.161]",6287,5163,6157,5028,12640,10430,12417,10198
"Svay Rieng",2012,0.2436,"[0.221-0.266]",6287,5163,6157,5028,12640,10430,12417,10198
"Svay Rieng",2013,0.07699,"[0.0598-0.0942]",6287,5163,6157,5028,12640,10430,12417,10198
"Svay Rieng",2014,0.02341,"[0.00933-0.0375]",6287,5163,6157,5028,12640,10430,12417,10198
"Svay Rieng",2015,0.0855,"[0.0624-0.109]",6287,5163,6157,5028,12640,10430,12417,10198
"Svay Rieng",2016,0.1244,"[0.1-0.149]",6287,5163,6157,5028,12640,10430,12417,10198
"Svay Rieng",2017,0.05262,"[0.0313-0.0739]",6287,5163,6157,5028,12640,10430,12417,10198
"Svay Rieng",2018,0.1398,"[0.119-0.16]",6287,5163,6157,5028,12640,10430,12417,10198
"Svay Rieng",2019,0.07193,"[0.06-0.0838]",6287,5163,6157,5028,12640,10430,12417,10198
"Svay Rieng",2020,0.0625,"[0.046-0.079]",6287,5163,6157,5028,12640,10430,12417,10198
"Takeo",1981,0.1251,"[0-1.02]",4006,2749,4017,2750,8092,5616,8151,5656
"Takeo",1982,0.1625,"[0-1]",4006,2749,4017,2750,8092,5616,8151,5656
"Takeo",1983,0.2075,"[0-0.967]",4006,2749,4017,2750,8092,5616,8151,5656
"Takeo",1984,0.2374,"[0-0.914]",4006,2749,4017,2750,8092,5616,8151,5656
"Takeo",1985,0.1459,"[0-0.759]",4006,2749,4017,2750,8092,5616,8151,5656
"Takeo",1986,0.1703,"[0-0.733]",4006,2749,4017,2750,8092,5616,8151,5656
"Takeo",1987,0.348,"[0-0.84]",4006,2749,4017,2750,8092,5616,8151,5656
"Takeo",1988,0.1272,"[0-0.546]",4006,2749,4017,2750,8092,5616,8151,5656
"Takeo",1989,0.2512,"[0-0.601]",4006,2749,4017,2750,8092,5616,8151,5656
"Takeo",1990,0.6393,"[0.373-0.906]",4006,2749,4017,2750,8092,5616,8151,5656
"Takeo",1991,0.5869,"[0.398-0.776]",4006,2749,4017,2750,8092,5616,8151,5656
"Takeo",1992,0.4409,"[0.298-0.584]",4006,2749,4017,2750,8092,5616,8151,5656
"Takeo",1993,0.364,"[0.249-0.479]",4006,2749,4017,2750,8092,5616,8151,5656
"Takeo",1994,0.4283,"[0.337-0.52]",4006,2749,4017,2750,8092,5616,8151,5656
"Takeo",1995,0.379,"[0.305-0.453]",4006,2749,4017,2750,8092,5616,8151,5656
"Takeo",1996,0.3242,"[0.263-0.386]",4006,2749,4017,2750,8092,5616,8151,5656
"Takeo",1997,0.2663,"[0.214-0.319]",4006,2749,4017,2750,8092,5616,8151,5656
"Takeo",1998,0.2643,"[0.219-0.31]",4006,2749,4017,2750,8092,5616,8151,5656
"Takeo",1999,0.214,"[0.175-0.253]",4006,2749,4017,2750,8092,5616,8151,5656
"Takeo",2000,0.2137,"[0.179-0.248]",4006,2749,4017,2750,8092,5616,8151,5656
"Takeo",2001,0.2147,"[0.186-0.243]",4006,2749,4017,2750,8092,5616,8151,5656
"Takeo",2002,0.2123,"[0.193-0.232]",4006,2749,4017,2750,8092,5616,8151,5656
"Takeo",2003,0.2645,"[0.245-0.284]",4006,2749,4017,2750,8092,5616,8151,5656
"Takeo",2004,0.2557,"[0.237-0.275]",4006,2749,4017,2750,8092,5616,8151,5656
"Takeo",2005,0.2933,"[0.274-0.312]",4006,2749,4017,2750,8092,5616,8151,5656
"Takeo",2006,0.201,"[0.183-0.219]",4006,2749,4017,2750,8092,5616,8151,5656
"Takeo",2007,0.2426,"[0.229-0.256]",4006,2749,4017,2750,8092,5616,8151,5656
"Takeo",2008,0.2647,"[0.243-0.287]",4006,2749,4017,2750,8092,5616,8151,5656
"Takeo",2009,0.1805,"[0.159-0.202]",4006,2749,4017,2750,8092,5616,8151,5656
"Takeo",2010,0.2019,"[0.181-0.223]",4006,2749,4017,2750,8092,5616,8151,5656
"Takeo",2011,0.1816,"[0.164-0.199]",4006,2749,4017,2750,8092,5616,8151,5656
"Takeo",2012,0.2018,"[0.187-0.217]",4006,2749,4017,2750,8092,5616,8151,5656
"Takeo",2013,0.1644,"[0.147-0.182]",4006,2749,4017,2750,8092,5616,8151,5656
"Takeo",2014,0.1084,"[0.0864-0.13]",4006,2749,4017,2750,8092,5616,8151,5656
"Takeo",2015,0.1364,"[0.113-0.16]",4006,2749,4017,2750,8092,5616,8151,5656
"Takeo",2016,0.08752,"[0.0629-0.112]",4006,2749,4017,2750,8092,5616,8151,5656
"Takeo",2017,0.1093,"[0.0829-0.136]",4006,2749,4017,2750,8092,5616,8151,5656
"Takeo",2018,0.2078,"[0.184-0.232]",4006,2749,4017,2750,8092,5616,8151,5656
"Takeo",2019,0.1691,"[0.151-0.187]",4006,2749,4017,2750,8092,5616,8151,5656
"Takeo",2020,0.1961,"[0.167-0.225]",4006,2749,4017,2750,8092,5616,8151,5656
"Tboung Khmum",1966,0.04959,"[0-0.351]",3414,6341,3029,6237,6938,12831,6205,12661
"Tboung Khmum",1967,0.1406,"[0-0.428]",3414,6341,3029,6237,6938,12831,6205,12661
"Tboung Khmum",1968,0.0892,"[0-0.36]",3414,6341,3029,6237,6938,12831,6205,12661
"Tboung Khmum",1969,0.06171,"[0-0.322]",3414,6341,3029,6237,6938,12831,6205,12661
"Tboung Khmum",1970,0.1163,"[0-0.366]",3414,6341,3029,6237,6938,12831,6205,12661
"Tboung Khmum",1971,0.0597,"[0-0.298]",3414,6341,3029,6237,6938,12831,6205,12661
"Tboung Khmum",1972,0.07115,"[0-0.302]",3414,6341,3029,6237,6938,12831,6205,12661
"Tboung Khmum",1973,0.04084,"[0-0.265]",3414,6341,3029,6237,6938,12831,6205,12661
"Tboung Khmum",1974,0.05875,"[0-0.277]",3414,6341,3029,6237,6938,12831,6205,12661
"Tboung Khmum",1975,0.04734,"[0-0.26]",3414,6341,3029,6237,6938,12831,6205,12661
"Tboung Khmum",1976,0.08568,"[0-0.292]",3414,6341,3029,6237,6938,12831,6205,12661
"Tboung Khmum",1977,0.04722,"[0-0.246]",3414,6341,3029,6237,6938,12831,6205,12661
"Tboung Khmum",1978,0.06151,"[0-0.255]",3414,6341,3029,6237,6938,12831,6205,12661
"Tboung Khmum",1979,0.05762,"[0-0.245]",3414,6341,3029,6237,6938,12831,6205,12661
"Tboung Khmum",1980,0.04952,"[0-0.232]",3414,6341,3029,6237,6938,12831,6205,12661
"Tboung Khmum",1981,0.06419,"[0-0.242]",3414,6341,3029,6237,6938,12831,6205,12661
"Tboung Khmum",1982,0.06458,"[0-0.236]",3414,6341,3029,6237,6938,12831,6205,12661
"Tboung Khmum",1983,0.0647,"[0-0.231]",3414,6341,3029,6237,6938,12831,6205,12661
"Tboung Khmum",1984,0.07069,"[0-0.231]",3414,6341,3029,6237,6938,12831,6205,12661
"Tboung Khmum",1985,0.06313,"[0-0.218]",3414,6341,3029,6237,6938,12831,6205,12661
"Tboung Khmum",1986,0.0477,"[0-0.199]",3414,6341,3029,6237,6938,12831,6205,12661
"Tboung Khmum",1987,0.0591,"[0-0.206]",3414,6341,3029,6237,6938,12831,6205,12661
"Tboung Khmum",1988,0.04337,"[0-0.186]",3414,6341,3029,6237,6938,12831,6205,12661
"Tboung Khmum",1989,0.06215,"[0-0.201]",3414,6341,3029,6237,6938,12831,6205,12661
"Tboung Khmum",1990,0.07339,"[0-0.208]",3414,6341,3029,6237,6938,12831,6205,12661
"Tboung Khmum",1991,0.07173,"[0-0.201]",3414,6341,3029,6237,6938,12831,6205,12661
"Tboung Khmum",1992,0.07057,"[0-0.195]",3414,6341,3029,6237,6938,12831,6205,12661
"Tboung Khmum",1993,0.05492,"[0-0.176]",3414,6341,3029,6237,6938,12831,6205,12661
"Tboung Khmum",1994,0.06677,"[0-0.184]",3414,6341,3029,6237,6938,12831,6205,12661
"Tboung Khmum",1995,0.05973,"[0-0.173]",3414,6341,3029,6237,6938,12831,6205,12661
"Tboung Khmum",1996,0.04766,"[0-0.158]",3414,6341,3029,6237,6938,12831,6205,12661
"Tboung Khmum",1997,0.03938,"[0-0.147]",3414,6341,3029,6237,6938,12831,6205,12661
"Tboung Khmum",1998,0.05069,"[0-0.156]",3414,6341,3029,6237,6938,12831,6205,12661
"Tboung Khmum",1999,0.04687,"[0-0.149]",3414,6341,3029,6237,6938,12831,6205,12661
"Tboung Khmum",2000,0.05953,"[0-0.159]",3414,6341,3029,6237,6938,12831,6205,12661
"Tboung Khmum",2001,0.06354,"[0-0.16]",3414,6341,3029,6237,6938,12831,6205,12661
"Tboung Khmum",2002,0.06939,"[0-0.162]",3414,6341,3029,6237,6938,12831,6205,12661
"Tboung Khmum",2003,0.07526,"[0-0.165]",3414,6341,3029,6237,6938,12831,6205,12661
"Tboung Khmum",2004,0.1076,"[0.0223-0.193]",3414,6341,3029,6237,6938,12831,6205,12661
"Tboung Khmum",2005,0.1483,"[0.0686-0.228]",3414,6341,3029,6237,6938,12831,6205,12661
"Tboung Khmum",2006,0.1973,"[0.125-0.27]",3414,6341,3029,6237,6938,12831,6205,12661
"Tboung Khmum",2007,0.1803,"[0.115-0.246]",3414,6341,3029,6237,6938,12831,6205,12661
"Tboung Khmum",2008,0.1597,"[0.1-0.219]",3414,6341,3029,6237,6938,12831,6205,12661
"Tboung Khmum",2009,0.1587,"[0.105-0.213]",3414,6341,3029,6237,6938,12831,6205,12661
"Tboung Khmum",2010,0.1549,"[0.106-0.204]",3414,6341,3029,6237,6938,12831,6205,12661
"Tboung Khmum",2011,0.1415,"[0.0965-0.187]",3414,6341,3029,6237,6938,12831,6205,12661
"Tboung Khmum",2012,0.1051,"[0.0634-0.147]",3414,6341,3029,6237,6938,12831,6205,12661
"Tboung Khmum",2013,0.1262,"[0.0876-0.165]",3414,6341,3029,6237,6938,12831,6205,12661
"Tboung Khmum",2014,0.1089,"[0.0733-0.144]",3414,6341,3029,6237,6938,12831,6205,12661
"Tboung Khmum",2015,0.08186,"[0.0487-0.115]",3414,6341,3029,6237,6938,12831,6205,12661
"Tboung Khmum",2016,0.1922,"[0.167-0.218]",3414,6341,3029,6237,6938,12831,6205,12661
"Tboung Khmum",2017,0.04145,"[0.0256-0.0573]",3414,6341,3029,6237,6938,12831,6205,12661
"Tboung Khmum",2018,0.1199,"[0.104-0.136]",3414,6341,3029,6237,6938,12831,6205,12661
"Tboung Khmum",2019,0.136,"[0.125-0.147]",3414,6341,3029,6237,6938,12831,6205,12661
"Tboung Khmum",2020,0.02826,"[0.0223-0.0343]",3414,6341,3029,6237,6938,12831,6205,12661
