"time","cases","births","pop","provname"
2002.00273972603,28,12783.7760355,332378.176923,"national"
2002.03835616438,66,12786.2419284189,332442.290138891,"national"
2002.07671232877,54,12788.7078213378,332506.403354782,"national"
2002.11506849315,53,12791.1737142566,332570.516570673,"national"
2002.15342465753,80,12793.6396071755,332634.629786564,"national"
2002.19178082192,123,12796.1055000944,332698.743002455,"national"
2002.2301369863,113,12798.5713930133,332762.856218345,"national"
2002.26849315068,126,12801.0372859322,332826.969434236,"national"
2002.30684931507,185,12803.503178851,332891.082650127,"national"
2002.34520547945,402,12805.9690717699,332955.195866018,"national"
2002.38356164384,501,12808.4349646888,333019.309081909,"national"
2002.42191780822,701,12810.9008576077,333083.4222978,"national"
2002.4602739726,911,12813.3667505266,333147.535513691,"national"
2002.49863013699,1037,12815.8326434455,333211.648729582,"national"
2002.53698630137,1247,12818.2985363643,333275.761945473,"national"
2002.57534246575,1074,12820.7644292832,333339.875161364,"national"
2002.61369863014,955,12823.2303222021,333403.988377255,"national"
2002.65205479452,927,12825.696215121,333468.101593145,"national"
2002.6904109589,879,12828.1621080399,333532.214809036,"national"
2002.72876712329,649,12830.6280009587,333596.328024927,"national"
2002.76712328767,723,12833.0938938776,333660.441240818,"national"
2002.80547945205,486,12835.5597867965,333724.554456709,"national"
2002.84383561644,322,12838.0256797154,333788.6676726,"national"
2002.88219178082,283,12840.4915726343,333852.780888491,"national"
2002.92054794521,262,12842.9574655531,333916.894104382,"national"
2002.95890410959,249,12845.423358472,333981.007320273,"national"
2002.99726027397,252,12847.8892513909,334045.120536164,"national"
2003.03561643836,162,12850.3551443098,334109.233752055,"national"
2003.07397260274,122,12853.8380857699,334199.790230018,"national"
2003.11232876712,97,12858.3380757713,334316.789970055,"national"
2003.15068493151,110,12862.8380657727,334433.789710091,"national"
2003.18904109589,129,12867.3380557741,334550.789450127,"national"
2003.22739726027,166,12871.8380457755,334667.789190164,"national"
2003.26575342466,205,12876.3380357769,334784.7889302,"national"
2003.30410958904,313,12880.8380257783,334901.788670236,"national"
2003.34246575342,361,12885.3380157797,335018.788410273,"national"
2003.38082191781,520,12889.8380057811,335135.788150309,"national"
2003.41917808219,933,12894.3379957825,335252.787890345,"national"
2003.45753424658,939,12898.8379857839,335369.787630382,"national"
2003.49589041096,1200,12903.3379757853,335486.787370418,"national"
2003.53424657534,1298,12907.8379657867,335603.787110455,"national"
2003.57260273973,1263,12912.3379557881,335720.786850491,"national"
2003.61095890411,1161,12916.8379457895,335837.786590527,"national"
2003.64931506849,690,12921.3379357909,335954.786330564,"national"
2003.68767123288,527,12925.8379257923,336071.7860706,"national"
2003.72602739726,420,12930.3379157937,336188.785810636,"national"
2003.76438356164,366,12934.8379057951,336305.785550673,"national"
2003.80273972603,270,12939.3378957965,336422.785290709,"national"
2003.84109589041,181,12943.8378857979,336539.785030745,"national"
2003.87945205479,196,12948.3378757993,336656.784770782,"national"
2003.91780821918,117,12952.8378658007,336773.784510818,"national"
2003.95616438356,87,12957.3378558021,336890.784250855,"national"
2003.99452054795,96,12961.8378458035,337007.783990891,"national"
2004.03287671233,78,12966.3378358049,337124.783730927,"national"
2004.07123287671,70,12970.8378258063,337241.783470964,"national"
2004.1095890411,87,12975.3378158077,337358.783211,"national"
2004.14794520548,88,12981.3382893937,337514.795524236,"national"
2004.18630136986,81,12987.3387629797,337670.807837473,"national"
2004.22465753425,89,12993.3392365657,337826.820150709,"national"
2004.26301369863,77,12999.3397101517,337982.832463945,"national"
2004.30136986301,139,13005.3401837378,338138.844777182,"national"
2004.3397260274,231,13011.3406573238,338294.857090418,"national"
2004.37808219178,474,13017.3411309098,338450.869403655,"national"
2004.41643835616,644,13023.3416044958,338606.881716891,"national"
2004.45479452055,815,13029.3420780818,338762.894030127,"national"
2004.49315068493,1088,13035.3425516678,338918.906343364,"national"
2004.53150684932,1174,13041.3430252538,339074.9186566,"national"
2004.5698630137,915,13047.3434988399,339230.930969836,"national"
2004.60821917808,862,13053.3439724259,339386.943283073,"national"
2004.64657534247,658,13059.3444460119,339542.955596309,"national"
2004.68493150685,587,13065.3449195979,339698.967909545,"national"
2004.72328767123,494,13071.3453931839,339854.980222782,"national"
2004.76164383562,356,13077.3458667699,340010.992536018,"national"
2004.8,274,13083.3463403559,340167.004849255,"national"
2004.83835616438,217,13089.346813942,340323.017162491,"national"
2004.87671232877,156,13095.347287528,340479.029475727,"national"
2004.91506849315,129,13101.347761114,340635.041788964,"national"
2004.95342465753,95,13107.3482347,340791.0541022,"national"
2004.99178082192,90,13113.348708286,340947.066415436,"national"
2005.02739726027,66,13119.349181872,341103.078728673,"national"
2005.06575342466,37,13125.349655458,341259.091041909,"national"
2005.10410958904,56,13131.3501290441,341415.103355145,"national"
2005.14246575342,73,13137.3506026301,341571.115668382,"national"
2005.18082191781,72,13143.7065855979,341736.371225545,"national"
2005.21917808219,86,13150.4180779476,341910.870026636,"national"
2005.25753424658,88,13157.1295702972,342085.368827727,"national"
2005.29589041096,98,13163.8410626469,342259.867628818,"national"
2005.33424657534,202,13170.5525549965,342434.366429909,"national"
2005.37260273973,308,13177.2640473462,342608.865231,"national"
2005.41095890411,378,13183.9755396958,342783.364032091,"national"
2005.44931506849,516,13190.6870320455,342957.862833182,"national"
2005.48767123288,896,13197.3985243951,343132.361634273,"national"
2005.52602739726,1167,13204.1100167448,343306.860435364,"national"
2005.56438356164,1050,13210.8215090944,343481.359236455,"national"
2005.60273972603,852,13217.5330014441,343655.858037545,"national"
2005.64109589041,699,13224.2444937937,343830.356838636,"national"
2005.67945205479,597,13230.9559861434,344004.855639727,"national"
2005.71780821918,420,13237.667478493,344179.354440818,"national"
2005.75616438356,356,13244.3789708427,344353.853241909,"national"
2005.79452054795,309,13251.0904631923,344528.352043,"national"
2005.83287671233,254,13257.801955542,344702.850844091,"national"
2005.87123287671,162,13264.5134478916,344877.349645182,"national"
2005.9095890411,112,13271.2249402413,345051.848446273,"national"
2005.94794520548,87,13277.9364325909,345226.347247364,"national"
2005.98630136986,76,13284.6479249406,345400.846048455,"national"
2006.02465753425,70,13291.3594172902,345575.344849545,"national"
2006.06301369863,53,13298.0709096399,345749.843650636,"national"
2006.10136986301,62,13304.7824019895,345924.342451727,"national"
2006.1397260274,70,13311.4938943392,346098.841252818,"national"
2006.17808219178,129,13318.2053866888,346273.340053909,"national"
2006.21643835616,116,13324.9168790385,346447.838855,"national"
2006.25479452055,191,13331.4153075629,346616.797996636,"national"
2006.29315068493,263,13337.9137360874,346785.757138273,"national"
2006.33150684932,488,13344.4121646119,346954.716279909,"national"
2006.3698630137,570,13350.9105931364,347123.675421545,"national"
2006.40821917808,845,13357.4090216608,347292.634563182,"national"
2006.44657534247,945,13363.9074501853,347461.593704818,"national"
2006.48493150685,1150,13370.4058787098,347630.552846455,"national"
2006.52328767123,1417,13376.9043072343,347799.511988091,"national"
2006.56164383562,1675,13383.4027357587,347968.471129727,"national"
2006.6,1586,13389.9011642832,348137.430271364,"national"
2006.63835616438,1497,13396.3995928077,348306.389413,"national"
2006.67671232877,1240,13402.8980213322,348475.348554636,"national"
2006.71506849315,1046,13409.3964498566,348644.307696273,"national"
2006.75342465753,715,13415.8948783811,348813.266837909,"national"
2006.79178082192,547,13422.3933069056,348982.225979545,"national"
2006.8301369863,509,13428.8917354301,349151.185121182,"national"
2006.86849315069,460,13435.3901639545,349320.144262818,"national"
2006.90684931507,423,13441.888592479,349489.103404455,"national"
2006.94520547945,444,13448.3870210035,349658.062546091,"national"
2006.98356164384,288,13454.885449528,349827.021687727,"national"
2007.02191780822,328,13461.3838780524,349995.980829364,"national"
2007.0602739726,270,13467.8823065769,350164.939971,"national"
2007.09863013699,172,13474.3807351014,350333.899112636,"national"
2007.13698630137,259,13480.8791636259,350502.858254273,"national"
2007.17534246575,299,13487.3775921504,350671.817395909,"national"
2007.21369863014,396,13493.8760206748,350840.776537545,"national"
2007.25205479452,599,13500.3744491993,351009.735679182,"national"
2007.2904109589,1187,13506.3226321615,351164.3884362,"national"
2007.32876712329,1741,13511.7205695615,351304.7348086,"national"
2007.36712328767,2591,13517.1185069615,351445.081181,"national"
2007.40547945205,4446,13522.5164443615,351585.4275534,"national"
2007.44383561644,5774,13527.9143817615,351725.7739258,"national"
2007.48219178082,5619,13533.3123191615,351866.1202982,"national"
2007.52054794521,4820,13538.7102565615,352006.4666706,"national"
2007.55890410959,3818,13544.1081939615,352146.813043,"national"
2007.59726027397,2423,13549.5061313615,352287.1594154,"national"
2007.63561643836,1711,13554.9040687615,352427.5057878,"national"
2007.67397260274,1111,13560.3020061615,352567.8521602,"national"
2007.71232876712,758,13565.6999435615,352708.1985326,"national"
2007.75068493151,390,13571.0978809615,352848.544905,"national"
2007.78904109589,343,13576.4958183615,352988.8912774,"national"
2007.82739726027,214,13581.8937557615,353129.2376498,"national"
2007.86575342466,168,13587.2916931615,353269.5840222,"national"
2007.90410958904,107,13592.6896305615,353409.9303946,"national"
2007.94246575342,92,13598.0875679615,353550.276767,"national"
2007.98082191781,72,13603.4855053615,353690.6231394,"national"
2008.01917808219,52,13608.8834427615,353830.9695118,"national"
2008.05753424658,43,13614.2813801615,353971.3158842,"national"
2008.09589041096,41,13619.6793175615,354111.6622566,"national"
2008.13424657534,46,13625.0772549615,354252.008629,"national"
2008.17260273973,64,13630.4751923615,354392.3550014,"national"
2008.21095890411,67,13635.8731297615,354532.7013738,"national"
2008.24931506849,112,13641.2710671615,354673.0477462,"national"
2008.28767123288,177,13646.6690045615,354813.3941186,"national"
2008.32602739726,255,13652.0669419615,354953.740491,"national"
2008.36438356164,362,13655.9704887503,355055.232707509,"national"
2008.40273972603,563,13659.8740355392,355156.724924018,"national"
2008.44109589041,694,13663.777582328,355258.217140527,"national"
2008.47945205479,660,13667.6811291168,355359.709357036,"national"
2008.51780821918,697,13671.5846759056,355461.201573545,"national"
2008.55616438356,790,13675.4882226944,355562.693790055,"national"
2008.59452054795,655,13679.3917694832,355664.186006564,"national"
2008.63287671233,585,13683.295316272,355765.678223073,"national"
2008.67123287671,734,13687.1988630608,355867.170439582,"national"
2008.7095890411,587,13691.1024098497,355968.662656091,"national"
2008.74794520548,528,13695.0059566385,356070.1548726,"national"
2008.78630136986,522,13698.9095034273,356171.647089109,"national"
2008.82465753425,411,13702.8130502161,356273.139305618,"national"
2008.86301369863,399,13706.7165970049,356374.631522127,"national"
2008.90136986301,223,13710.6201437937,356476.123738636,"national"
2008.9397260274,149,13714.5236905825,356577.615955145,"national"
2008.97808219178,129,13718.4272373713,356679.108171655,"national"
2009.01369863014,73,13722.3307841601,356780.600388164,"national"
2009.05205479452,55,13726.2343309489,356882.092604673,"national"
2009.0904109589,66,13730.1378777378,356983.584821182,"national"
2009.12876712329,107,13734.0414245266,357085.077037691,"national"
2009.16712328767,120,13737.9449713154,357186.5692542,"national"
2009.20547945205,127,13741.8485181042,357288.061470709,"national"
2009.24383561644,185,13745.752064893,357389.553687218,"national"
2009.28219178082,242,13749.6556116818,357491.045903727,"national"
2009.32054794521,436,13753.5591584706,357592.538120236,"national"
2009.35890410959,605,13757.4627052594,357694.030336745,"national"
2009.39726027397,848,13760.5825473706,357775.146231636,"national"
2009.43561643836,1155,13762.9186848042,357835.885804909,"national"
2009.47397260274,1187,13765.2548222378,357896.625378182,"national"
2009.51232876712,1165,13767.5909596713,357957.364951455,"national"
2009.55068493151,961,13769.9270971049,358018.104524727,"national"
2009.58904109589,918,13772.2632345385,358078.844098,"national"
2009.62739726027,887,13774.599371972,358139.583671273,"national"
2009.66575342466,652,13776.9355094056,358200.323244545,"national"
2009.70410958904,416,13779.2716468392,358261.062817818,"national"
2009.74246575342,378,13781.6077842727,358321.802391091,"national"
2009.78082191781,370,13783.9439217063,358382.541964364,"national"
2009.81917808219,258,13786.2800591399,358443.281537636,"national"
2009.85753424658,163,13788.6161965734,358504.021110909,"national"
2009.89589041096,136,13790.952334007,358564.760684182,"national"
2009.93424657534,96,13793.2884714406,358625.500257455,"national"
2009.97260273973,61,13795.6246088741,358686.239830727,"national"
2010.01095890411,60,13797.9607463077,358746.979404,"national"
2010.04931506849,46,13800.2968837413,358807.718977273,"national"
2010.08767123288,50,13802.6330211748,358868.458550545,"national"
2010.12602739726,73,13804.9691586084,358929.198123818,"national"
2010.16438356164,115,13807.305296042,358989.937697091,"national"
2010.20273972603,78,13809.6414334755,359050.677270364,"national"
2010.24109589041,75,13811.9775709091,359111.416843636,"national"
2010.27945205479,97,13814.3137083427,359172.156416909,"national"
2010.31780821918,147,13816.6498457762,359232.895990182,"national"
2010.35616438356,298,13818.9859832098,359293.635563455,"national"
2010.39452054795,419,13821.3221206434,359354.375136727,"national"
2010.43287671233,584,13823.6582580769,359415.11471,"national"
2010.47123287671,947,13824.7293578252,359442.963303455,"national"
2010.5095890411,1359,13825.8004575734,359470.811896909,"national"
2010.54794520548,1564,13826.8715573217,359498.660490364,"national"
2010.58630136986,1519,13827.9426570699,359526.509083818,"national"
2010.62465753425,1277,13829.0137568182,359554.357677273,"national"
2010.66301369863,1100,13830.0848565664,359582.206270727,"national"
2010.70136986301,819,13831.1559563147,359610.054864182,"national"
2010.7397260274,588,13832.2270560629,359637.903457636,"national"
2010.77808219178,442,13833.2981558112,359665.752051091,"national"
2010.81643835616,276,13834.3692555594,359693.600644545,"national"
2010.85479452055,174,13835.4403553077,359721.449238,"national"
2010.89315068493,137,13836.5114550559,359749.297831455,"national"
2010.93150684932,133,13837.5825548042,359777.146424909,"national"
2010.9698630137,96,13838.6536545524,359804.995018364,"national"
2011.00821917808,69,13839.7247543007,359832.843611818,"national"
2011.04657534247,54,13840.795854049,359860.692205273,"national"
2011.08493150685,51,13841.8669537972,359888.540798727,"national"
2011.12328767123,39,13842.9380535455,359916.389392182,"national"
2011.16164383562,35,13844.0091532937,359944.237985636,"national"
2011.2,65,13845.080253042,359972.086579091,"national"
2011.23835616438,56,13846.1513527902,359999.935172545,"national"
2011.27671232877,124,13847.2224525385,360027.783766,"national"
2011.31506849315,214,13848.2935522867,360055.632359455,"national"
2011.35342465753,423,13849.364652035,360083.480952909,"national"
2011.39178082192,882,13850.4357517832,360111.329546364,"national"
2011.4301369863,1212,13851.5068515315,360139.178139818,"national"
2011.46849315068,1479,13852.5779512797,360167.026733273,"national"
2011.50684931507,1677,13853.3950854245,360188.272221036,"national"
2011.54520547945,1651,13853.9582539657,360202.914603109,"national"
2011.58356164384,1572,13854.521422507,360217.556985182,"national"
2011.62191780822,1514,13855.0845910483,360232.199367255,"national"
2011.6602739726,1368,13855.6477595895,360246.841749327,"national"
2011.69863013699,948,13856.2109281308,360261.4841314,"national"
2011.73698630137,671,13856.774096672,360276.126513473,"national"
2011.77534246575,608,13857.3372652133,360290.768895545,"national"
2011.81369863014,454,13857.9004337545,360305.411277618,"national"
2011.85205479452,285,13858.4636022958,360320.053659691,"national"
2011.8904109589,226,13859.0267708371,360334.696041764,"national"
2011.92876712329,183,13859.5899393783,360349.338423836,"national"
2011.96712328767,130,13860.1531079196,360363.980805909,"national"
2012.00547945205,125,13860.7162764608,360378.623187982,"national"
2012.04383561644,110,13861.2794450021,360393.265570055,"national"
2012.08219178082,133,13861.8426135434,360407.907952127,"national"
2012.12054794521,191,13862.4057820846,360422.5503342,"national"
2012.15890410959,259,13862.9689506259,360437.192716273,"national"
2012.19726027397,400,13863.5321191671,360451.835098345,"national"
2012.23561643836,437,13864.0952877084,360466.477480418,"national"
2012.27397260274,639,13864.6584562497,360481.119862491,"national"
2012.31232876712,1038,13865.2216247909,360495.762244564,"national"
2012.35068493151,1565,13865.7847933322,360510.404626636,"national"
2012.38904109589,1736,13866.3479618734,360525.047008709,"national"
2012.42739726027,4355,13866.9111304147,360539.689390782,"national"
2012.46575342466,4926,13867.4742989559,360554.331772855,"national"
2012.50410958904,4468,13868.0374674972,360568.974154927,"national"
2012.54246575342,3766,13868.6006360385,360583.616537,"national"
2012.58082191781,3643,13869.1385815643,360597.603120673,"national"
2012.61917808219,3304,13869.6765270902,360611.589704345,"national"
2012.65753424658,2738,13870.2144726161,360625.576288018,"national"
2012.69589041096,2083,13870.752418142,360639.562871691,"national"
2012.73424657534,1869,13871.2903636678,360653.549455364,"national"
2012.77260273973,1355,13871.8283091937,360667.536039036,"national"
2012.81095890411,980,13872.3662547196,360681.522622709,"national"
2012.84931506849,758,13872.9042002455,360695.509206382,"national"
2012.88767123288,580,13873.4421457713,360709.495790055,"national"
2012.92602739726,469,13873.9800912972,360723.482373727,"national"
2012.96438356164,401,13874.5180368231,360737.4689574,"national"
2013.00273972603,346,13875.055982349,360751.455541073,"national"
2013.03835616438,238,13875.5939278748,360765.442124745,"national"
2013.07671232877,155,13876.1318734007,360779.428708418,"national"
2013.11506849315,173,13876.6698189266,360793.415292091,"national"
2013.15342465753,238,13877.2077644524,360807.401875764,"national"
2013.19178082192,247,13877.7457099783,360821.388459436,"national"
2013.2301369863,241,13878.2836555042,360835.375043109,"national"
2013.26849315068,305,13878.8216010301,360849.361626782,"national"
2013.30684931507,393,13879.3595465559,360863.348210455,"national"
2013.34520547945,558,13879.8974920818,360877.334794127,"national"
2013.38356164384,992,13880.4354376077,360891.3213778,"national"
2013.42191780822,1328,13880.9733831336,360905.307961473,"national"
2013.4602739726,1730,13881.5113286594,360919.294545145,"national"
2013.49863013699,2101,13882.0492741853,360933.281128818,"national"
2013.53698630137,2058,13882.5872197112,360947.267712491,"national"
2013.57534246575,1401,13883.1251652371,360961.254296164,"national"
2013.61369863014,1120,13883.6633241902,360975.246428946,"national"
2013.65205479452,844,13884.2016965706,360989.244110836,"national"
2013.6904109589,663,13884.7400689511,361003.241792727,"national"
2013.72876712329,485,13885.2784413315,361017.239474618,"national"
2013.76712328767,521,13885.8168137119,361031.237156509,"national"
2013.80547945205,528,13886.3551860923,361045.2348384,"national"
2013.84383561644,427,13886.8935584727,361059.232520291,"national"
2013.88219178082,274,13887.4319308531,361073.230202182,"national"
2013.92054794521,149,13887.9703032336,361087.227884073,"national"
2013.95890410959,38,13888.508675614,361101.225565964,"national"
2013.99726027397,51,13889.0470479944,361115.223247855,"national"
2014.03561643836,25,13889.5854203748,361129.220929745,"national"
2014.07397260274,26,13890.1237927552,361143.218611636,"national"
2014.11232876712,21,13890.6621651357,361157.216293527,"national"
2014.15068493151,35,13891.2005375161,361171.213975418,"national"
2014.18904109589,37,13891.7389098965,361185.211657309,"national"
2014.22739726027,56,13892.2772822769,361199.2093392,"national"
2014.26575342466,52,13892.8156546573,361213.207021091,"national"
2014.30410958904,90,13893.3540270378,361227.204702982,"national"
2014.34246575342,122,13893.8923994182,361241.202384873,"national"
2014.38082191781,185,13894.4307717986,361255.200066764,"national"
2014.41917808219,211,13894.969144179,361269.197748655,"national"
2014.45753424658,211,13895.5075165594,361283.195430545,"national"
2014.49589041096,259,13896.0458889399,361297.193112436,"national"
2014.53424657534,253,13896.5842613203,361311.190794327,"national"
2014.57260273973,285,13897.1226337007,361325.188476218,"national"
2014.61095890411,310,13897.6610060811,361339.186158109,"national"
2014.64931506849,266,13898.1993784615,361353.18384,"national"
2014.68767123288,201,13898.5566808448,361362.473701964,"national"
2014.72602739726,163,13898.913983228,361371.763563927,"national"
2014.76438356164,151,13899.2712856112,361381.053425891,"national"
2014.80273972603,172,13899.6285879944,361390.343287855,"national"
2014.84109589041,143,13899.9858903776,361399.633149818,"national"
2014.87945205479,157,13900.3431927608,361408.923011782,"national"
2014.91780821918,137,13900.7004951441,361418.212873745,"national"
2014.95616438356,107,13901.0577975273,361427.502735709,"national"
2014.99452054795,85,13901.4150999105,361436.792597673,"national"
2015.03287671233,50,13901.7724022937,361446.082459636,"national"
2015.07123287671,61,13902.1297046769,361455.3723216,"national"
2015.1095890411,48,13902.4870070601,361464.662183564,"national"
2015.14794520548,38,13902.8443094434,361473.952045527,"national"
2015.18630136986,60,13903.2016118266,361483.241907491,"national"
2015.22465753425,81,13903.5589142098,361492.531769454,"national"
2015.26301369863,87,13903.916216593,361501.821631418,"national"
2015.30136986301,117,13904.2735189762,361511.111493382,"national"
2015.3397260274,200,13904.6308213594,361520.401355345,"national"
2015.37808219178,340,13904.9881237427,361529.691217309,"national"
2015.41643835616,428,13905.3454261259,361538.981079273,"national"
2015.45479452055,663,13905.7027285091,361548.270941236,"national"
2015.49315068493,923,13906.0600308923,361557.5608032,"national"
2015.53150684932,1331,13906.4173332755,361566.850665164,"national"
2015.5698630137,1549,13906.7746356587,361576.140527127,"national"
2015.60821917808,1671,13907.131938042,361585.430389091,"national"
2015.64657534247,1651,13907.4892404252,361594.720251055,"national"
2015.68493150685,1353,13907.8465428084,361604.010113018,"national"
2015.72328767123,1151,13907.9560244483,361606.856635655,"national"
2015.76164383562,760,13907.8176853448,361603.259818964,"national"
2015.8,767,13907.6793462413,361599.663002273,"national"
2015.83835616438,626,13907.5410071378,361596.066185582,"national"
2015.87671232877,532,13907.4026680343,361592.469368891,"national"
2015.91506849315,476,13907.2643289308,361588.8725522,"national"
2015.95342465753,345,13907.1259898273,361585.275735509,"national"
2015.99178082192,257,13906.9876507238,361581.678918818,"national"
2016.0301369863,185,13906.8493116203,361578.082102127,"national"
2016.06849315068,187,13906.7109725168,361574.485285436,"national"
2016.10684931507,172,13906.5726334133,361570.888468745,"national"
2016.14520547945,131,13906.4342943098,361567.291652055,"national"
2016.18356164384,165,13906.2959552063,361563.694835364,"national"
2016.22191780822,205,13906.1576161028,361560.098018673,"national"
2016.2602739726,153,13906.0192769993,361556.501201982,"national"
2016.29863013699,172,13905.8809378958,361552.904385291,"national"
2016.33698630137,175,13905.7425987923,361549.3075686,"national"
2016.37534246575,227,13905.6042596888,361545.710751909,"national"
2016.41369863014,471,13905.4659205853,361542.113935218,"national"
2016.45205479452,856,13905.3275814818,361538.517118527,"national"
2016.4904109589,1050,13905.1892423783,361534.920301836,"national"
2016.52876712329,1281,13905.0509032748,361531.323485145,"national"
2016.56712328767,1396,13904.9125641713,361527.726668455,"national"
2016.60547945205,1270,13904.7742250678,361524.129851764,"national"
2016.64383561644,1123,13904.6358859643,361520.533035073,"national"
2016.68219178082,842,13904.4975468608,361516.936218382,"national"
2016.72054794521,567,13904.3592077573,361513.339401691,"national"
2016.75890410959,596,13904.2208686538,361509.742585,"national"
2016.79726027397,477,13903.3325738636,361486.646920455,"national"
2016.83561643836,332,13902.4442790734,361463.551255909,"national"
2016.87397260274,278,13901.5559842832,361440.455591364,"national"
2016.91232876712,187,13900.667689493,361417.359926818,"national"
2016.95068493151,100,13899.7793947028,361394.264262273,"national"
2016.98904109589,109,13898.8910999126,361371.168597727,"national"
2017.02465753425,72,13898.0028051224,361348.072933182,"national"
2017.06301369863,76,13897.1145103322,361324.977268636,"national"
2017.10136986301,65,13896.226215542,361301.881604091,"national"
2017.1397260274,52,13895.3379207518,361278.785939545,"national"
2017.17808219178,58,13894.4496259615,361255.690275,"national"
2017.21643835616,73,13893.5613311713,361232.594610455,"national"
2017.25479452055,62,13892.6730363811,361209.498945909,"national"
2017.29315068493,83,13891.7847415909,361186.403281364,"national"
2017.33150684932,123,13890.8964468007,361163.307616818,"national"
2017.3698630137,147,13890.0081520105,361140.211952273,"national"
2017.40821917808,257,13889.1198572203,361117.116287727,"national"
2017.44657534247,416,13888.2315624301,361094.020623182,"national"
2017.48493150685,442,13887.3432676399,361070.924958636,"national"
2017.52328767123,454,13886.4549728497,361047.829294091,"national"
2017.56164383562,434,13885.5666780594,361024.733629545,"national"
2017.6,418,13884.6783832692,361001.637965,"national"
2017.63835616438,385,13883.790088479,360978.542300455,"national"
2017.67671232877,365,13882.9017936888,360955.446635909,"national"
2017.71506849315,302,13882.0134988986,360932.350971364,"national"
2017.75342465753,313,13881.1252041084,360909.255306818,"national"
2017.79178082192,378,13880.2369093182,360886.159642273,"national"
2017.8301369863,260,13878.9262177427,360852.081661309,"national"
2017.86849315069,300,13877.1931293818,360807.021363927,"national"
2017.90684931507,323,13875.460041021,360761.961066545,"national"
2017.94520547945,316,13873.7269526601,360716.900769164,"national"
2017.98356164384,222,13871.9938642993,360671.840471782,"national"
2018.02191780822,212,13870.2607759385,360626.7801744,"national"
2018.0602739726,168,13868.5276875776,360581.719877018,"national"
2018.09863013699,158,13866.7945992168,360536.659579636,"national"
2018.13698630137,152,13865.0615108559,360491.599282255,"national"
2018.17534246575,159,13863.3284224951,360446.538984873,"national"
2018.21369863014,224,13861.5953341343,360401.478687491,"national"
2018.25205479452,185,13859.8622457734,360356.418390109,"national"
2018.2904109589,274,13858.1291574126,360311.358092727,"national"
2018.32876712329,365,13856.3960690517,360266.297795345,"national"
2018.36712328767,531,13854.6629806909,360221.237497964,"national"
2018.40547945205,868,13852.9298923301,360176.177200582,"national"
2018.44383561644,1176,13851.1968039692,360131.1169032,"national"
2018.48219178082,1695,13849.4637156084,360086.056605818,"national"
2018.52054794521,1814,13847.7306272476,360040.996308436,"national"
2018.55890410959,1824,13845.9975388867,359995.936011055,"national"
2018.59726027397,1934,13844.2644505259,359950.875713673,"national"
2018.63561643836,1583,13842.531362165,359905.815416291,"national"
2018.67397260274,1661,13840.7982738042,359860.755118909,"national"
2018.71232876712,1332,13839.0651854434,359815.694821527,"national"
2018.75068493151,1222,13837.3320970825,359770.634524145,"national"
2018.78904109589,1338,13835.5990087217,359725.574226764,"national"
2018.82739726027,1369,13833.8659203608,359680.513929382,"national"
2018.86575342466,1511,13832.132832,359635.453632,"national"
2018.90410958904,1211,13829.5944155916,359569.454805382,"national"
2018.94246575342,1148,13827.0559991832,359503.455978764,"national"
2018.98082191781,817,13824.5175827748,359437.457152145,"national"
2019.01917808219,1044,13821.9791663664,359371.458325527,"national"
2019.05753424658,811,13819.440749958,359305.459498909,"national"
2019.09589041096,782,13816.9023335496,359239.460672291,"national"
2019.13424657534,835,13814.3639171413,359173.461845673,"national"
2019.17260273973,956,13811.8255007329,359107.463019054,"national"
2019.21095890411,1007,13809.2870843245,359041.464192436,"national"
2019.24931506849,1083,13806.7486679161,358975.465365818,"national"
2019.28767123288,1413,13804.2102515077,358909.4665392,"national"
2019.32602739726,2277,13801.6718350993,358843.467712582,"national"
2019.36438356164,2801,13799.1334186909,358777.468885964,"national"
2019.40273972603,3376,13796.5950022825,358711.470059345,"national"
2019.44109589041,5807,13794.0565858741,358645.471232727,"national"
2019.47945205479,9635,13791.5181694657,358579.472406109,"national"
2019.51780821918,8780,13788.9797530573,358513.473579491,"national"
2019.55616438356,7619,13786.4413366489,358447.474752873,"national"
2019.59452054795,5235,13783.9029202406,358381.475926255,"national"
2019.63287671233,3286,13781.3645038322,358315.477099636,"national"
2019.67123287671,2327,13778.8260874238,358249.478273018,"national"
2019.7095890411,1936,13776.2876710154,358183.4794464,"national"
2019.74794520548,1746,13773.749254607,358117.480619782,"national"
2019.78630136986,1624,13771.2108381986,358051.481793164,"national"
2019.82465753425,1314,13768.6724217902,357985.482966545,"national"
2019.86301369863,1003,13766.1340053818,357919.484139927,"national"
2019.90136986301,848,13763.5955889734,357853.485313309,"national"
2019.9397260274,465,13765.9719534545,357915.270789818,"national"
2019.97808219178,208,13773.2630988252,358104.840569455,"national"
2020.01643835616,428,13780.5542441958,358294.410349091,"national"
2020.05479452055,389,13787.8453895664,358483.980128727,"national"
2020.09315068493,293,13795.1365349371,358673.549908364,"national"
2020.13150684931,235,13802.4276803077,358863.119688,"national"
2020.1698630137,205,13809.7188256783,359052.689467636,"national"
2020.20821917808,163,13817.009971049,359242.259247273,"national"
2020.24657534247,122,13824.3011164196,359431.829026909,"national"
2020.28493150685,108,13831.5922617902,359621.398806545,"national"
2020.32328767123,152,13838.8834071608,359810.968586182,"national"
2020.36164383562,211,13846.1745525315,360000.538365818,"national"
2020.4,259,13853.4656979021,360190.108145455,"national"
2020.43835616438,341,13860.7568432727,360379.677925091,"national"
2020.47671232877,440,13868.0479886434,360569.247704727,"national"
2020.51506849315,649,13875.339134014,360758.817484364,"national"
2020.55342465753,1046,13882.6302793846,360948.387264,"national"
2020.59178082192,1258,13889.9214247552,361137.957043636,"national"
2020.6301369863,1014,13897.2125701259,361327.526823273,"national"
2020.66849315068,1008,13904.5037154965,361517.096602909,"national"
2020.70684931507,807,13911.7948608671,361706.666382545,"national"
2020.74520547945,676,13919.0860062378,361896.236162182,"national"
2020.78356164384,458,13926.3771516084,362085.805941818,"national"
2020.82191780822,418,13933.668296979,362275.375721455,"national"
2020.8602739726,376,13940.9594423497,362464.945501091,"national"
2020.89863013699,347,13948.2505877203,362654.515280727,"national"
2020.93698630137,296,13955.5417330909,362844.085060364,"national"
2020.97534246575,278,13962.8328784615,363033.65484,"national"
